INSERT INTO "Empleado" ("id", "usuario", "password", "activo", "nombre", "apellidos", "dni", "telefono", "email", "direccion", "rol", "fechaAlta", "fechaBaja", "observaciones", "diasVacaciones", "diasExtras", "horasExtra", "createdAt", "updatedAt") VALUES (1, 'admin', '$2a$10$ZszxsND0wT31iOf5cCx75.e11N70r6W3aWDvSLz/rE5UMqc6bLit.', true, 'MANUEL ', 'LANDALUCE MASIA', '44795380', '650456670', 'DIRECCION@SELSEL.COM', 'CL ALORCO Nº2', 'ADMIN', '2026-01-30T09:29:39.240Z', NULL, NULL, 30, 0, 0, '2026-01-30T09:29:39.240Z', '2026-02-04T17:48:59.706Z');
INSERT INTO "Empleado" ("id", "usuario", "password", "activo", "nombre", "apellidos", "dni", "telefono", "email", "direccion", "rol", "fechaAlta", "fechaBaja", "observaciones", "diasVacaciones", "diasExtras", "horasExtra", "createdAt", "updatedAt") VALUES (2, 'oficina', '$2a$10$0MeKEqmjo/rr7c7pkTe3ruDzyGu9EHBVn62NPgP.4Mt3FoRIxcIO.', false, 'OFICINA', 'OFICINA', NULL, NULL, 'oficina@empresa.com', NULL, 'OFICINA', '2026-01-30T09:29:39.294Z', NULL, NULL, 30, 0, 0, '2026-01-30T09:29:39.294Z', '2026-02-04T17:45:21.107Z');
INSERT INTO "Empleado" ("id", "usuario", "password", "activo", "nombre", "apellidos", "dni", "telefono", "email", "direccion", "rol", "fechaAlta", "fechaBaja", "observaciones", "diasVacaciones", "diasExtras", "horasExtra", "createdAt", "updatedAt") VALUES (3, 'manolo', '$2a$10$YdNl/wD6dvMWbuvDRhb2j.HopmPw9m9IA2qPjcpNoMYA3ZGD1Esv.', true, 'Juan Jose', 'Redon', NULL, NULL, 'manolo@empresa.com', NULL, 'CONDUCTOR', '2026-01-30T09:29:39.307Z', NULL, NULL, 30, 0, 0, '2026-01-30T09:29:39.307Z', '2026-01-30T09:39:24.881Z');
INSERT INTO "Empleado" ("id", "usuario", "password", "activo", "nombre", "apellidos", "dni", "telefono", "email", "direccion", "rol", "fechaAlta", "fechaBaja", "observaciones", "diasVacaciones", "diasExtras", "horasExtra", "createdAt", "updatedAt") VALUES (4, 'taller', '$2a$10$YdNl/wD6dvMWbuvDRhb2j.HopmPw9m9IA2qPjcpNoMYA3ZGD1Esv.', true, 'Luis ', 'Molina', NULL, NULL, 'mecanico@empresa.com', NULL, 'MECANICO', '2026-01-30T09:29:39.320Z', NULL, NULL, 30, 0, 0, '2026-01-30T09:29:39.320Z', '2026-01-30T09:39:45.823Z');
INSERT INTO "Empleado" ("id", "usuario", "password", "activo", "nombre", "apellidos", "dni", "telefono", "email", "direccion", "rol", "fechaAlta", "fechaBaja", "observaciones", "diasVacaciones", "diasExtras", "horasExtra", "createdAt", "updatedAt") VALUES (5, 'Loli', '$2a$10$.MeXDHISJGFP8aU4i40Ht.SdZ0dEkJcFra6G/DDaBe6dn4wZRi.j6', true, 'Mª DOLORES', 'SAMPEDRO SOLER', '33413881X', '686-23.89.80', 'LOLA.50.SAM@HOTMAIL.COM', NULL, 'EMPLEADO', '2026-01-30T09:44:40.436Z', NULL, NULL, 30, 0, 0, '2026-01-30T09:44:40.437Z', '2026-02-04T14:07:54.496Z');
INSERT INTO "Empleado" ("id", "usuario", "password", "activo", "nombre", "apellidos", "dni", "telefono", "email", "direccion", "rol", "fechaAlta", "fechaBaja", "observaciones", "diasVacaciones", "diasExtras", "horasExtra", "createdAt", "updatedAt") VALUES (6, 'CARCA', '$2a$10$7d8/lhs2SXfoEKKqMPjqOuQ8.0i758i.dAa5oDirp4P.upXDmLY7i', true, 'Carlos ', 'Argudo Cañas', NULL, NULL, NULL, NULL, 'OFICINA', '2026-01-30T10:29:21.481Z', NULL, NULL, 30, 0, 0, '2026-01-30T10:29:21.482Z', '2026-01-30T10:32:28.211Z');
INSERT INTO "Empleado" ("id", "usuario", "password", "activo", "nombre", "apellidos", "dni", "telefono", "email", "direccion", "rol", "fechaAlta", "fechaBaja", "observaciones", "diasVacaciones", "diasExtras", "horasExtra", "createdAt", "updatedAt") VALUES (7, 'OMARSA', '$2a$10$kCRHi/BzBywqh6eMj70qwOwMs3z9I.6Xc5iFh.GgLMBA2Fbs2b1/2', true, 'Oscar ', 'Martinez Sampedro', NULL, NULL, NULL, NULL, 'EMPLEADO', '2026-01-30T10:29:56.486Z', NULL, NULL, 30, 0, 0, '2026-01-30T10:29:56.487Z', '2026-01-30T10:41:47.384Z');
INSERT INTO "Empleado" ("id", "usuario", "password", "activo", "nombre", "apellidos", "dni", "telefono", "email", "direccion", "rol", "fechaAlta", "fechaBaja", "observaciones", "diasVacaciones", "diasExtras", "horasExtra", "createdAt", "updatedAt") VALUES (8, 'PASGRAU', '$2a$10$.Gfe2N./D8vVMBho2LcQiuDr/4aZD3gIlj3.RK23KNTt1DKqC2hOO', true, 'Pascual ', 'Graullera', NULL, NULL, NULL, NULL, 'CONDUCTOR', '2026-02-04T17:47:42.451Z', NULL, NULL, 30, 0, 0, '2026-02-04T17:47:42.453Z', '2026-02-04T17:47:42.453Z');
INSERT INTO "Empleado" ("id", "usuario", "password", "activo", "nombre", "apellidos", "dni", "telefono", "email", "direccion", "rol", "fechaAlta", "fechaBaja", "observaciones", "diasVacaciones", "diasExtras", "horasExtra", "createdAt", "updatedAt") VALUES (9, 'RUBPER', '$2a$10$pu3Wvi.NkCI3AdoDWD8Pv.N8LLI3ffNqQ5C.kLv.5R1cLtsqMXy4S', true, 'RUBEN ', 'PEREZ', NULL, NULL, NULL, NULL, 'CONDUCTOR', '2026-02-04T17:48:19.449Z', NULL, NULL, 30, 0, 0, '2026-02-04T17:48:19.450Z', '2026-02-04T17:48:19.450Z');
INSERT INTO "Camion" ("id", "matricula", "modelo", "marca", "nVin", "anio", "activo", "kmActual", "itvVencimiento", "seguroVencimiento", "tacografoVencimiento", "adrVencimiento", "anioCisterna", "createdAt", "updatedAt") VALUES (1, '1713-FHR', 'MIDLUN', 'RENAULT', NULL, 2006, true, 678359, '2026-05-22T00:00:00.000Z', '2026-12-31T00:00:00.000Z', '2026-09-19T00:00:00.000Z', '2026-09-26T00:00:00.000Z', NULL, '2026-01-30T09:38:52.236Z', '2026-02-02T15:46:05.825Z');
INSERT INTO "Camion" ("id", "matricula", "modelo", "marca", "nVin", "anio", "activo", "kmActual", "itvVencimiento", "seguroVencimiento", "tacografoVencimiento", "adrVencimiento", "anioCisterna", "createdAt", "updatedAt") VALUES (2, '8577-HNZ', 'MAN', 'MAN', NULL, 2012, true, 423768, '2026-02-28T00:00:00.000Z', '2026-12-31T00:00:00.000Z', '2027-01-15T00:00:00.000Z', '2027-01-21T00:00:00.000Z', 2013, '2026-01-30T10:09:22.235Z', '2026-01-30T16:40:03.678Z');
INSERT INTO "Camion" ("id", "matricula", "modelo", "marca", "nVin", "anio", "activo", "kmActual", "itvVencimiento", "seguroVencimiento", "tacografoVencimiento", "adrVencimiento", "anioCisterna", "createdAt", "updatedAt") VALUES (3, '5595-JSB', 'MAN', 'MAN', NULL, 2016, true, 470230, '2026-07-31T00:00:00.000Z', '2026-12-31T00:00:00.000Z', '2026-07-31T00:00:00.000Z', '2026-08-09T00:00:00.000Z', NULL, '2026-01-30T10:44:39.027Z', '2026-02-02T12:41:26.794Z');
INSERT INTO "Camion" ("id", "matricula", "modelo", "marca", "nVin", "anio", "activo", "kmActual", "itvVencimiento", "seguroVencimiento", "tacografoVencimiento", "adrVencimiento", "anioCisterna", "createdAt", "updatedAt") VALUES (4, 'R0608BBK', 'INDOX', 'INDOX', NULL, 2002, true, 433173, '2026-06-15T00:00:00.000Z', '2026-12-31T00:00:00.000Z', NULL, '2026-07-17T00:00:00.000Z', 2002, '2026-01-30T11:19:40.355Z', '2026-02-02T12:02:50.495Z');
INSERT INTO "Camion" ("id", "matricula", "modelo", "marca", "nVin", "anio", "activo", "kmActual", "itvVencimiento", "seguroVencimiento", "tacografoVencimiento", "adrVencimiento", "anioCisterna", "createdAt", "updatedAt") VALUES (5, '4563LZS', 'RENAULT', 'RENAULT', NULL, 2022, true, 71512, '2026-07-10T00:00:00.000Z', '2026-12-31T00:00:00.000Z', '2026-09-01T00:00:00.000Z', '2026-06-21T00:00:00.000Z', 2022, '2026-01-30T11:22:01.771Z', '2026-02-02T12:41:19.800Z');
INSERT INTO "Camion" ("id", "matricula", "modelo", "marca", "nVin", "anio", "activo", "kmActual", "itvVencimiento", "seguroVencimiento", "tacografoVencimiento", "adrVencimiento", "anioCisterna", "createdAt", "updatedAt") VALUES (6, '9946-GWZ', 'MERCEDES', 'MERCEDES', NULL, 2010, true, 4300048, '2026-08-08T00:00:00.000Z', '2026-12-31T00:00:00.000Z', '2026-07-29T00:00:00.000Z', '2026-04-16T00:00:00.000Z', NULL, '2026-01-30T11:41:31.006Z', '2026-02-02T12:14:41.234Z');
INSERT INTO "Camion" ("id", "matricula", "modelo", "marca", "nVin", "anio", "activo", "kmActual", "itvVencimiento", "seguroVencimiento", "tacografoVencimiento", "adrVencimiento", "anioCisterna", "createdAt", "updatedAt") VALUES (7, '7136-HDT', 'MITSUBUSHI', 'MITSUBISHI', NULL, 2011, true, 181650, '2026-05-12T00:00:00.000Z', '2026-12-31T00:00:00.000Z', '2027-10-24T00:00:00.000Z', '2026-04-05T00:00:00.000Z', NULL, '2026-01-30T11:41:48.751Z', '2026-01-30T16:20:21.361Z');
INSERT INTO "Camion" ("id", "matricula", "modelo", "marca", "nVin", "anio", "activo", "kmActual", "itvVencimiento", "seguroVencimiento", "tacografoVencimiento", "adrVencimiento", "anioCisterna", "createdAt", "updatedAt") VALUES (8, 'TEST-1769773541029', 'PROBANDO', NULL, NULL, NULL, false, 0, NULL, NULL, NULL, NULL, NULL, '2026-01-30T11:45:41.044Z', '2026-01-30T11:48:40.430Z');
INSERT INTO "Camion" ("id", "matricula", "modelo", "marca", "nVin", "anio", "activo", "kmActual", "itvVencimiento", "seguroVencimiento", "tacografoVencimiento", "adrVencimiento", "anioCisterna", "createdAt", "updatedAt") VALUES (9, 'MERCEDES', '3621-LPZ', NULL, NULL, NULL, false, 0, NULL, NULL, NULL, NULL, NULL, '2026-02-02T12:25:37.393Z', '2026-02-02T12:30:16.827Z');
INSERT INTO "Camion" ("id", "matricula", "modelo", "marca", "nVin", "anio", "activo", "kmActual", "itvVencimiento", "seguroVencimiento", "tacografoVencimiento", "adrVencimiento", "anioCisterna", "createdAt", "updatedAt") VALUES (10, '3621-LPZ', 'MERCEDES', NULL, NULL, NULL, true, 67329, NULL, NULL, NULL, NULL, NULL, '2026-02-02T12:28:24.427Z', '2026-02-02T12:29:09.271Z');
INSERT INTO "FiestaLocal" ("id", "fecha", "nombre", "ambito", "esAnual", "activa", "createdAt", "updatedAt") VALUES (2, '2026-04-13T00:00:00.000Z', 'SAN VICENTE FERRER', 'SAGUNTO', true, false, '2026-01-30T12:45:20.424Z', '2026-02-04T18:22:38.802Z');
INSERT INTO "FiestaLocal" ("id", "fecha", "nombre", "ambito", "esAnual", "activa", "createdAt", "updatedAt") VALUES (3, '2026-07-30T00:00:00.000Z', 'FESTIVIDAD ABDON Y SENÉN', 'SAGUNTO', true, true, '2026-01-30T12:46:04.719Z', '2026-01-30T12:46:04.719Z');
INSERT INTO "FiestaLocal" ("id", "fecha", "nombre", "ambito", "esAnual", "activa", "createdAt", "updatedAt") VALUES (4, '2026-06-24T00:00:00.000Z', 'SAN JUAN', 'AUTONÓMICO', true, true, '2026-01-30T12:46:25.725Z', '2026-01-30T12:46:25.725Z');
INSERT INTO "ConceptoNomina" ("id", "codigo", "nombre", "descripcion", "active") VALUES (1, 'PRECIO_KM', 'Precio por KM', NULL, true);
INSERT INTO "ConceptoNomina" ("id", "codigo", "nombre", "descripcion", "active") VALUES (2, 'PRECIO_DESCARGA', 'Precio por Descarga', NULL, true);
INSERT INTO "ConceptoNomina" ("id", "codigo", "nombre", "descripcion", "active") VALUES (3, 'PRECIO_VIAJE', 'Precio por Viaje', NULL, true);
INSERT INTO "ConceptoNomina" ("id", "codigo", "nombre", "descripcion", "active") VALUES (4, 'PRECIO_DESCARGA_SABADO', 'Precio Descarga Sábado', NULL, true);
INSERT INTO "ConceptoNomina" ("id", "codigo", "nombre", "descripcion", "active") VALUES (5, 'PRECIO_LITRO', 'Precio Litro (Comercial)', NULL, true);
INSERT INTO "ConceptoNomina" ("id", "codigo", "nombre", "descripcion", "active") VALUES (6, 'PRODUCTIVIDAD_FIJA', 'Productividad Fija', NULL, true);
INSERT INTO "ConceptoNomina" ("id", "codigo", "nombre", "descripcion", "active") VALUES (7, 'DIETAS', 'Dietas', NULL, true);
INSERT INTO "ConceptoNomina" ("id", "codigo", "nombre", "descripcion", "active") VALUES (8, 'DIETAS_COMERCIAL', 'Dietas Comercial', NULL, true);
INSERT INTO "ConceptoNomina" ("id", "codigo", "nombre", "descripcion", "active") VALUES (9, 'DIETA_TOPE', 'Tope Dietas (Mensual)', NULL, true);
INSERT INTO "ConceptoNomina" ("id", "codigo", "nombre", "descripcion", "active") VALUES (10, 'HORAS_EXTRA', 'Horas Extra', NULL, true);
INSERT INTO "ConceptoNomina" ("id", "codigo", "nombre", "descripcion", "active") VALUES (11, 'FESTIVO_TRABAJADO', 'Festivo Trabajado', NULL, true);
INSERT INTO "ConceptoNomina" ("id", "codigo", "nombre", "descripcion", "active") VALUES (12, 'INCENTIVOS', 'Incentivos', NULL, true);
INSERT INTO "ConceptoNomina" ("id", "codigo", "nombre", "descripcion", "active") VALUES (13, 'DESCUENTO_VACACIONES', 'Descuento por Vacaciones', NULL, true);
INSERT INTO "ConceptoNomina" ("id", "codigo", "nombre", "descripcion", "active") VALUES (14, 'DESCUENTO_AUSENCIA', 'Descuento por Ausencia', NULL, true);
INSERT INTO "TarifaNomina" ("id", "conceptoId", "rol", "empleadoId", "valor", "fechaInicio", "fechaFin", "activo", "createdAt", "updatedAt") VALUES (1, 1, NULL, NULL, 0.025, '2026-02-04T16:14:39.525Z', '2026-02-04T16:15:21.946Z', false, '2026-02-04T16:14:39.525Z', '2026-02-04T16:15:21.948Z');
INSERT INTO "TarifaNomina" ("id", "conceptoId", "rol", "empleadoId", "valor", "fechaInicio", "fechaFin", "activo", "createdAt", "updatedAt") VALUES (2, 1, NULL, NULL, 0.025, '2026-02-04T16:15:22.048Z', '2026-02-04T17:20:28.126Z', false, '2026-02-04T16:15:22.048Z', '2026-02-04T17:20:28.127Z');
INSERT INTO "TarifaNomina" ("id", "conceptoId", "rol", "empleadoId", "valor", "fechaInicio", "fechaFin", "activo", "createdAt", "updatedAt") VALUES (3, 2, NULL, NULL, 0, '2026-02-04T16:15:22.550Z', '2026-02-04T16:15:36.942Z', false, '2026-02-04T16:15:22.550Z', '2026-02-04T16:15:36.943Z');
INSERT INTO "TarifaNomina" ("id", "conceptoId", "rol", "empleadoId", "valor", "fechaInicio", "fechaFin", "activo", "createdAt", "updatedAt") VALUES (4, 3, NULL, NULL, 0, '2026-02-04T16:15:23.115Z', '2026-02-04T16:15:41.557Z', false, '2026-02-04T16:15:23.115Z', '2026-02-04T16:15:41.558Z');
INSERT INTO "TarifaNomina" ("id", "conceptoId", "rol", "empleadoId", "valor", "fechaInicio", "fechaFin", "activo", "createdAt", "updatedAt") VALUES (5, 2, NULL, NULL, 0.45, '2026-02-04T16:15:36.958Z', '2026-02-04T17:20:28.109Z', false, '2026-02-04T16:15:36.958Z', '2026-02-04T17:20:28.110Z');
INSERT INTO "TarifaNomina" ("id", "conceptoId", "rol", "empleadoId", "valor", "fechaInicio", "fechaFin", "activo", "createdAt", "updatedAt") VALUES (6, 3, NULL, NULL, 5, '2026-02-04T16:15:41.572Z', '2026-02-04T16:15:42.008Z', false, '2026-02-04T16:15:41.572Z', '2026-02-04T16:15:42.009Z');
INSERT INTO "TarifaNomina" ("id", "conceptoId", "rol", "empleadoId", "valor", "fechaInicio", "fechaFin", "activo", "createdAt", "updatedAt") VALUES (7, 3, NULL, NULL, 5, '2026-02-04T16:15:42.025Z', '2026-02-04T17:20:28.110Z', false, '2026-02-04T16:15:42.025Z', '2026-02-04T17:20:28.111Z');
INSERT INTO "TarifaNomina" ("id", "conceptoId", "rol", "empleadoId", "valor", "fechaInicio", "fechaFin", "activo", "createdAt", "updatedAt") VALUES (8, 4, NULL, NULL, 8.5, '2026-02-04T16:15:49.494Z', '2026-02-04T16:15:50.783Z', false, '2026-02-04T16:15:49.494Z', '2026-02-04T16:15:50.784Z');
INSERT INTO "TarifaNomina" ("id", "conceptoId", "rol", "empleadoId", "valor", "fechaInicio", "fechaFin", "activo", "createdAt", "updatedAt") VALUES (9, 4, NULL, NULL, 8.5, '2026-02-04T16:15:50.795Z', '2026-02-04T17:20:28.127Z', false, '2026-02-04T16:15:50.795Z', '2026-02-04T17:20:28.128Z');
INSERT INTO "TarifaNomina" ("id", "conceptoId", "rol", "empleadoId", "valor", "fechaInicio", "fechaFin", "activo", "createdAt", "updatedAt") VALUES (10, 5, NULL, NULL, 0.2, '2026-02-04T16:15:55.566Z', '2026-02-04T17:20:28.128Z', false, '2026-02-04T16:15:55.566Z', '2026-02-04T17:20:28.130Z');
INSERT INTO "TarifaNomina" ("id", "conceptoId", "rol", "empleadoId", "valor", "fechaInicio", "fechaFin", "activo", "createdAt", "updatedAt") VALUES (11, 7, NULL, NULL, 600, '2026-02-04T16:16:02.438Z', '2026-02-04T17:20:28.131Z', false, '2026-02-04T16:16:02.438Z', '2026-02-04T17:20:28.132Z');
INSERT INTO "TarifaNomina" ("id", "conceptoId", "rol", "empleadoId", "valor", "fechaInicio", "fechaFin", "activo", "createdAt", "updatedAt") VALUES (12, 8, NULL, NULL, 360, '2026-02-04T16:16:10.755Z', '2026-02-04T17:20:28.220Z', false, '2026-02-04T16:16:10.755Z', '2026-02-04T17:20:28.222Z');
INSERT INTO "TarifaNomina" ("id", "conceptoId", "rol", "empleadoId", "valor", "fechaInicio", "fechaFin", "activo", "createdAt", "updatedAt") VALUES (13, 9, NULL, NULL, 375, '2026-02-04T16:16:19.427Z', '2026-02-04T17:20:28.260Z', false, '2026-02-04T16:16:19.427Z', '2026-02-04T17:20:28.261Z');
INSERT INTO "TarifaNomina" ("id", "conceptoId", "rol", "empleadoId", "valor", "fechaInicio", "fechaFin", "activo", "createdAt", "updatedAt") VALUES (14, 10, NULL, NULL, 0, '2026-02-04T16:16:19.980Z', '2026-02-04T16:16:22.592Z', false, '2026-02-04T16:16:19.980Z', '2026-02-04T16:16:22.594Z');
INSERT INTO "TarifaNomina" ("id", "conceptoId", "rol", "empleadoId", "valor", "fechaInicio", "fechaFin", "activo", "createdAt", "updatedAt") VALUES (15, 10, NULL, NULL, 12, '2026-02-04T16:16:22.607Z', '2026-02-04T17:20:28.294Z', false, '2026-02-04T16:16:22.607Z', '2026-02-04T17:20:28.295Z');
INSERT INTO "TarifaNomina" ("id", "conceptoId", "rol", "empleadoId", "valor", "fechaInicio", "fechaFin", "activo", "createdAt", "updatedAt") VALUES (16, 11, NULL, NULL, 8.5, '2026-02-04T16:16:28.630Z', '2026-02-04T17:20:28.325Z', false, '2026-02-04T16:16:28.630Z', '2026-02-04T17:20:28.326Z');
INSERT INTO "TarifaNomina" ("id", "conceptoId", "rol", "empleadoId", "valor", "fechaInicio", "fechaFin", "activo", "createdAt", "updatedAt") VALUES (17, 6, NULL, 1, 660, '2026-02-04T16:23:10.313Z', '2026-02-04T16:23:55.866Z', false, '2026-02-04T16:23:10.313Z', '2026-02-04T16:23:55.867Z');
INSERT INTO "TarifaNomina" ("id", "conceptoId", "rol", "empleadoId", "valor", "fechaInicio", "fechaFin", "activo", "createdAt", "updatedAt") VALUES (18, 9, NULL, 1, 0, '2026-02-04T16:23:35.328Z', '2026-02-04T16:24:21.726Z', false, '2026-02-04T16:23:35.328Z', '2026-02-04T16:24:21.728Z');
INSERT INTO "TarifaNomina" ("id", "conceptoId", "rol", "empleadoId", "valor", "fechaInicio", "fechaFin", "activo", "createdAt", "updatedAt") VALUES (19, 8, NULL, 1, 0, '2026-02-04T16:23:39.945Z', '2026-02-04T16:34:48.186Z', false, '2026-02-04T16:23:39.945Z', '2026-02-04T16:34:48.188Z');
INSERT INTO "TarifaNomina" ("id", "conceptoId", "rol", "empleadoId", "valor", "fechaInicio", "fechaFin", "activo", "createdAt", "updatedAt") VALUES (20, 5, NULL, 1, 0, '2026-02-04T16:23:44.492Z', '2026-02-04T16:23:54.749Z', false, '2026-02-04T16:23:44.492Z', '2026-02-04T16:23:54.750Z');
INSERT INTO "TarifaNomina" ("id", "conceptoId", "rol", "empleadoId", "valor", "fechaInicio", "fechaFin", "activo", "createdAt", "updatedAt") VALUES (21, 5, NULL, 1, 0, '2026-02-04T16:23:54.767Z', '2026-02-04T16:34:48.113Z', false, '2026-02-04T16:23:54.767Z', '2026-02-04T16:34:48.115Z');
INSERT INTO "TarifaNomina" ("id", "conceptoId", "rol", "empleadoId", "valor", "fechaInicio", "fechaFin", "activo", "createdAt", "updatedAt") VALUES (22, 6, NULL, 1, 660, '2026-02-04T16:23:55.882Z', '2026-02-04T16:34:48.129Z', false, '2026-02-04T16:23:55.882Z', '2026-02-04T16:34:48.130Z');
INSERT INTO "TarifaNomina" ("id", "conceptoId", "rol", "empleadoId", "valor", "fechaInicio", "fechaFin", "activo", "createdAt", "updatedAt") VALUES (23, 7, NULL, 1, 880, '2026-02-04T16:24:19.325Z', '2026-02-04T16:34:48.160Z', false, '2026-02-04T16:24:19.325Z', '2026-02-04T16:34:48.162Z');
INSERT INTO "TarifaNomina" ("id", "conceptoId", "rol", "empleadoId", "valor", "fechaInicio", "fechaFin", "activo", "createdAt", "updatedAt") VALUES (24, 9, NULL, 1, 0, '2026-02-04T16:24:21.744Z', '2026-02-04T16:34:48.229Z', false, '2026-02-04T16:24:21.744Z', '2026-02-04T16:34:48.231Z');
INSERT INTO "TarifaNomina" ("id", "conceptoId", "rol", "empleadoId", "valor", "fechaInicio", "fechaFin", "activo", "createdAt", "updatedAt") VALUES (25, 6, NULL, 6, 380, '2026-02-04T16:24:42.476Z', '2026-02-04T16:32:55.931Z', false, '2026-02-04T16:24:42.476Z', '2026-02-04T16:32:55.932Z');
INSERT INTO "TarifaNomina" ("id", "conceptoId", "rol", "empleadoId", "valor", "fechaInicio", "fechaFin", "activo", "createdAt", "updatedAt") VALUES (26, 1, NULL, 6, 0, '2026-02-04T16:27:03.343Z', '2026-02-04T16:32:55.756Z', false, '2026-02-04T16:27:03.343Z', '2026-02-04T16:32:55.758Z');
INSERT INTO "TarifaNomina" ("id", "conceptoId", "rol", "empleadoId", "valor", "fechaInicio", "fechaFin", "activo", "createdAt", "updatedAt") VALUES (27, 1, NULL, 1, 0, '2026-02-04T16:28:11.589Z', '2026-02-04T16:34:48.130Z', false, '2026-02-04T16:28:11.589Z', '2026-02-04T16:34:48.131Z');
INSERT INTO "TarifaNomina" ("id", "conceptoId", "rol", "empleadoId", "valor", "fechaInicio", "fechaFin", "activo", "createdAt", "updatedAt") VALUES (28, 1, NULL, 6, 0, '2026-02-04T16:32:55.774Z', NULL, true, '2026-02-04T16:32:55.774Z', '2026-02-04T16:32:55.774Z');
INSERT INTO "TarifaNomina" ("id", "conceptoId", "rol", "empleadoId", "valor", "fechaInicio", "fechaFin", "activo", "createdAt", "updatedAt") VALUES (29, 3, NULL, 6, 0, '2026-02-04T16:32:55.793Z', NULL, true, '2026-02-04T16:32:55.793Z', '2026-02-04T16:32:55.793Z');
INSERT INTO "TarifaNomina" ("id", "conceptoId", "rol", "empleadoId", "valor", "fechaInicio", "fechaFin", "activo", "createdAt", "updatedAt") VALUES (30, 2, NULL, 6, 0, '2026-02-04T16:32:55.759Z', NULL, true, '2026-02-04T16:32:55.759Z', '2026-02-04T16:32:55.759Z');
INSERT INTO "TarifaNomina" ("id", "conceptoId", "rol", "empleadoId", "valor", "fechaInicio", "fechaFin", "activo", "createdAt", "updatedAt") VALUES (31, 4, NULL, 6, 0, '2026-02-04T16:32:55.883Z', NULL, true, '2026-02-04T16:32:55.883Z', '2026-02-04T16:32:55.883Z');
INSERT INTO "TarifaNomina" ("id", "conceptoId", "rol", "empleadoId", "valor", "fechaInicio", "fechaFin", "activo", "createdAt", "updatedAt") VALUES (32, 5, NULL, 6, 0, '2026-02-04T16:32:55.883Z', NULL, true, '2026-02-04T16:32:55.883Z', '2026-02-04T16:32:55.883Z');
INSERT INTO "TarifaNomina" ("id", "conceptoId", "rol", "empleadoId", "valor", "fechaInicio", "fechaFin", "activo", "createdAt", "updatedAt") VALUES (33, 6, NULL, 6, 380, '2026-02-04T16:32:55.958Z', NULL, true, '2026-02-04T16:32:55.958Z', '2026-02-04T16:32:55.958Z');
INSERT INTO "TarifaNomina" ("id", "conceptoId", "rol", "empleadoId", "valor", "fechaInicio", "fechaFin", "activo", "createdAt", "updatedAt") VALUES (34, 7, NULL, 6, 0, '2026-02-04T16:32:55.950Z', NULL, true, '2026-02-04T16:32:55.950Z', '2026-02-04T16:32:55.950Z');
INSERT INTO "TarifaNomina" ("id", "conceptoId", "rol", "empleadoId", "valor", "fechaInicio", "fechaFin", "activo", "createdAt", "updatedAt") VALUES (35, 8, NULL, 6, 0, '2026-02-04T16:32:55.998Z', NULL, true, '2026-02-04T16:32:55.998Z', '2026-02-04T16:32:55.998Z');
INSERT INTO "TarifaNomina" ("id", "conceptoId", "rol", "empleadoId", "valor", "fechaInicio", "fechaFin", "activo", "createdAt", "updatedAt") VALUES (36, 9, NULL, 6, 0, '2026-02-04T16:32:56.015Z', NULL, true, '2026-02-04T16:32:56.015Z', '2026-02-04T16:32:56.015Z');
INSERT INTO "TarifaNomina" ("id", "conceptoId", "rol", "empleadoId", "valor", "fechaInicio", "fechaFin", "activo", "createdAt", "updatedAt") VALUES (37, 10, NULL, 6, 0, '2026-02-04T16:32:56.047Z', NULL, true, '2026-02-04T16:32:56.047Z', '2026-02-04T16:32:56.047Z');
INSERT INTO "TarifaNomina" ("id", "conceptoId", "rol", "empleadoId", "valor", "fechaInicio", "fechaFin", "activo", "createdAt", "updatedAt") VALUES (38, 12, NULL, 6, 0, '2026-02-04T16:32:56.059Z', NULL, true, '2026-02-04T16:32:56.059Z', '2026-02-04T16:32:56.059Z');
INSERT INTO "TarifaNomina" ("id", "conceptoId", "rol", "empleadoId", "valor", "fechaInicio", "fechaFin", "activo", "createdAt", "updatedAt") VALUES (39, 11, NULL, 6, 0, '2026-02-04T16:32:56.047Z', NULL, true, '2026-02-04T16:32:56.047Z', '2026-02-04T16:32:56.047Z');
INSERT INTO "TarifaNomina" ("id", "conceptoId", "rol", "empleadoId", "valor", "fechaInicio", "fechaFin", "activo", "createdAt", "updatedAt") VALUES (40, 12, NULL, 3, 40, '2026-02-04T16:33:07.173Z', '2026-02-04T16:33:10.546Z', false, '2026-02-04T16:33:07.173Z', '2026-02-04T16:33:10.548Z');
INSERT INTO "TarifaNomina" ("id", "conceptoId", "rol", "empleadoId", "valor", "fechaInicio", "fechaFin", "activo", "createdAt", "updatedAt") VALUES (41, 12, NULL, 3, 40, '2026-02-04T16:33:10.562Z', '2026-02-04T17:50:55.011Z', false, '2026-02-04T16:33:10.562Z', '2026-02-04T17:50:55.013Z');
INSERT INTO "TarifaNomina" ("id", "conceptoId", "rol", "empleadoId", "valor", "fechaInicio", "fechaFin", "activo", "createdAt", "updatedAt") VALUES (42, 1, NULL, 5, 0, '2026-02-04T16:33:49.699Z', NULL, true, '2026-02-04T16:33:49.699Z', '2026-02-04T16:33:49.699Z');
INSERT INTO "TarifaNomina" ("id", "conceptoId", "rol", "empleadoId", "valor", "fechaInicio", "fechaFin", "activo", "createdAt", "updatedAt") VALUES (43, 2, NULL, 5, 0, '2026-02-04T16:33:49.699Z', NULL, true, '2026-02-04T16:33:49.699Z', '2026-02-04T16:33:49.699Z');
INSERT INTO "TarifaNomina" ("id", "conceptoId", "rol", "empleadoId", "valor", "fechaInicio", "fechaFin", "activo", "createdAt", "updatedAt") VALUES (44, 3, NULL, 5, 0, '2026-02-04T16:33:49.757Z', NULL, true, '2026-02-04T16:33:49.757Z', '2026-02-04T16:33:49.757Z');
INSERT INTO "TarifaNomina" ("id", "conceptoId", "rol", "empleadoId", "valor", "fechaInicio", "fechaFin", "activo", "createdAt", "updatedAt") VALUES (45, 5, NULL, 5, 0, '2026-02-04T16:33:49.782Z', NULL, true, '2026-02-04T16:33:49.782Z', '2026-02-04T16:33:49.782Z');
INSERT INTO "TarifaNomina" ("id", "conceptoId", "rol", "empleadoId", "valor", "fechaInicio", "fechaFin", "activo", "createdAt", "updatedAt") VALUES (46, 4, NULL, 5, 0, '2026-02-04T16:33:49.805Z', NULL, true, '2026-02-04T16:33:49.805Z', '2026-02-04T16:33:49.805Z');
INSERT INTO "TarifaNomina" ("id", "conceptoId", "rol", "empleadoId", "valor", "fechaInicio", "fechaFin", "activo", "createdAt", "updatedAt") VALUES (47, 6, NULL, 5, 230, '2026-02-04T16:33:49.806Z', NULL, true, '2026-02-04T16:33:49.806Z', '2026-02-04T16:33:49.806Z');
INSERT INTO "TarifaNomina" ("id", "conceptoId", "rol", "empleadoId", "valor", "fechaInicio", "fechaFin", "activo", "createdAt", "updatedAt") VALUES (48, 7, NULL, 5, 0, '2026-02-04T16:33:49.867Z', NULL, true, '2026-02-04T16:33:49.867Z', '2026-02-04T16:33:49.867Z');
INSERT INTO "TarifaNomina" ("id", "conceptoId", "rol", "empleadoId", "valor", "fechaInicio", "fechaFin", "activo", "createdAt", "updatedAt") VALUES (49, 8, NULL, 5, 0, '2026-02-04T16:33:49.881Z', NULL, true, '2026-02-04T16:33:49.881Z', '2026-02-04T16:33:49.881Z');
INSERT INTO "TarifaNomina" ("id", "conceptoId", "rol", "empleadoId", "valor", "fechaInicio", "fechaFin", "activo", "createdAt", "updatedAt") VALUES (50, 9, NULL, 5, 0, '2026-02-04T16:33:49.896Z', NULL, true, '2026-02-04T16:33:49.896Z', '2026-02-04T16:33:49.896Z');
INSERT INTO "TarifaNomina" ("id", "conceptoId", "rol", "empleadoId", "valor", "fechaInicio", "fechaFin", "activo", "createdAt", "updatedAt") VALUES (51, 11, NULL, 5, 0, '2026-02-04T16:33:49.921Z', NULL, true, '2026-02-04T16:33:49.921Z', '2026-02-04T16:33:49.921Z');
INSERT INTO "TarifaNomina" ("id", "conceptoId", "rol", "empleadoId", "valor", "fechaInicio", "fechaFin", "activo", "createdAt", "updatedAt") VALUES (52, 1, NULL, 7, 0, '2026-02-04T16:34:11.731Z', NULL, true, '2026-02-04T16:34:11.731Z', '2026-02-04T16:34:11.731Z');
INSERT INTO "TarifaNomina" ("id", "conceptoId", "rol", "empleadoId", "valor", "fechaInicio", "fechaFin", "activo", "createdAt", "updatedAt") VALUES (53, 5, NULL, 7, 0, '2026-02-04T16:34:11.787Z', NULL, true, '2026-02-04T16:34:11.787Z', '2026-02-04T16:34:11.787Z');
INSERT INTO "TarifaNomina" ("id", "conceptoId", "rol", "empleadoId", "valor", "fechaInicio", "fechaFin", "activo", "createdAt", "updatedAt") VALUES (54, 6, NULL, 7, 40, '2026-02-04T16:34:11.807Z', NULL, true, '2026-02-04T16:34:11.807Z', '2026-02-04T16:34:11.807Z');
INSERT INTO "TarifaNomina" ("id", "conceptoId", "rol", "empleadoId", "valor", "fechaInicio", "fechaFin", "activo", "createdAt", "updatedAt") VALUES (55, 3, NULL, 7, 0, '2026-02-04T16:34:11.828Z', NULL, true, '2026-02-04T16:34:11.828Z', '2026-02-04T16:34:11.828Z');
INSERT INTO "TarifaNomina" ("id", "conceptoId", "rol", "empleadoId", "valor", "fechaInicio", "fechaFin", "activo", "createdAt", "updatedAt") VALUES (56, 7, NULL, 7, 0, '2026-02-04T16:34:11.829Z', NULL, true, '2026-02-04T16:34:11.829Z', '2026-02-04T16:34:11.829Z');
INSERT INTO "TarifaNomina" ("id", "conceptoId", "rol", "empleadoId", "valor", "fechaInicio", "fechaFin", "activo", "createdAt", "updatedAt") VALUES (57, 8, NULL, 7, 0, '2026-02-04T16:34:11.862Z', NULL, true, '2026-02-04T16:34:11.862Z', '2026-02-04T16:34:11.862Z');
INSERT INTO "TarifaNomina" ("id", "conceptoId", "rol", "empleadoId", "valor", "fechaInicio", "fechaFin", "activo", "createdAt", "updatedAt") VALUES (58, 9, NULL, 7, 0, '2026-02-04T16:34:11.874Z', NULL, true, '2026-02-04T16:34:11.874Z', '2026-02-04T16:34:11.874Z');
INSERT INTO "TarifaNomina" ("id", "conceptoId", "rol", "empleadoId", "valor", "fechaInicio", "fechaFin", "activo", "createdAt", "updatedAt") VALUES (59, 10, NULL, 7, 0, '2026-02-04T16:34:11.894Z', NULL, true, '2026-02-04T16:34:11.894Z', '2026-02-04T16:34:11.894Z');
INSERT INTO "TarifaNomina" ("id", "conceptoId", "rol", "empleadoId", "valor", "fechaInicio", "fechaFin", "activo", "createdAt", "updatedAt") VALUES (60, 11, NULL, 7, 0, '2026-02-04T16:34:11.895Z', NULL, true, '2026-02-04T16:34:11.895Z', '2026-02-04T16:34:11.895Z');
INSERT INTO "TarifaNomina" ("id", "conceptoId", "rol", "empleadoId", "valor", "fechaInicio", "fechaFin", "activo", "createdAt", "updatedAt") VALUES (61, 12, NULL, 7, 0, '2026-02-04T16:34:11.940Z', NULL, true, '2026-02-04T16:34:11.940Z', '2026-02-04T16:34:11.940Z');
INSERT INTO "TarifaNomina" ("id", "conceptoId", "rol", "empleadoId", "valor", "fechaInicio", "fechaFin", "activo", "createdAt", "updatedAt") VALUES (62, 2, NULL, 7, 0, '2026-02-04T16:34:11.732Z', NULL, true, '2026-02-04T16:34:11.732Z', '2026-02-04T16:34:11.732Z');
INSERT INTO "TarifaNomina" ("id", "conceptoId", "rol", "empleadoId", "valor", "fechaInicio", "fechaFin", "activo", "createdAt", "updatedAt") VALUES (63, 4, NULL, 7, 0, '2026-02-04T16:34:11.731Z', NULL, true, '2026-02-04T16:34:11.731Z', '2026-02-04T16:34:11.731Z');
INSERT INTO "TarifaNomina" ("id", "conceptoId", "rol", "empleadoId", "valor", "fechaInicio", "fechaFin", "activo", "createdAt", "updatedAt") VALUES (64, 5, NULL, 1, 0, '2026-02-04T16:34:48.136Z', '2026-02-04T16:39:19.991Z', false, '2026-02-04T16:34:48.136Z', '2026-02-04T16:39:19.992Z');
INSERT INTO "TarifaNomina" ("id", "conceptoId", "rol", "empleadoId", "valor", "fechaInicio", "fechaFin", "activo", "createdAt", "updatedAt") VALUES (65, 2, NULL, 1, 0, '2026-02-04T16:34:48.163Z', '2026-02-04T16:39:19.932Z', false, '2026-02-04T16:34:48.163Z', '2026-02-04T16:39:19.934Z');
INSERT INTO "TarifaNomina" ("id", "conceptoId", "rol", "empleadoId", "valor", "fechaInicio", "fechaFin", "activo", "createdAt", "updatedAt") VALUES (66, 6, NULL, 1, 660, '2026-02-04T16:34:48.200Z', '2026-02-04T16:39:20.069Z', false, '2026-02-04T16:34:48.200Z', '2026-02-04T16:39:20.071Z');
INSERT INTO "TarifaNomina" ("id", "conceptoId", "rol", "empleadoId", "valor", "fechaInicio", "fechaFin", "activo", "createdAt", "updatedAt") VALUES (67, 8, NULL, 1, 0, '2026-02-04T16:34:48.273Z', '2026-02-04T16:39:20.123Z', false, '2026-02-04T16:34:48.273Z', '2026-02-04T16:39:20.125Z');
INSERT INTO "TarifaNomina" ("id", "conceptoId", "rol", "empleadoId", "valor", "fechaInicio", "fechaFin", "activo", "createdAt", "updatedAt") VALUES (68, 3, NULL, 1, 0, '2026-02-04T16:34:48.164Z', '2026-02-04T16:39:19.934Z', false, '2026-02-04T16:34:48.164Z', '2026-02-04T16:39:19.935Z');
INSERT INTO "TarifaNomina" ("id", "conceptoId", "rol", "empleadoId", "valor", "fechaInicio", "fechaFin", "activo", "createdAt", "updatedAt") VALUES (69, 11, NULL, 1, 0, '2026-02-04T16:34:48.312Z', '2026-02-04T16:39:20.159Z', false, '2026-02-04T16:34:48.312Z', '2026-02-04T16:39:20.160Z');
INSERT INTO "TarifaNomina" ("id", "conceptoId", "rol", "empleadoId", "valor", "fechaInicio", "fechaFin", "activo", "createdAt", "updatedAt") VALUES (70, 7, NULL, 1, 880, '2026-02-04T16:34:48.336Z', '2026-02-04T16:39:20.089Z', false, '2026-02-04T16:34:48.336Z', '2026-02-04T16:39:20.091Z');
INSERT INTO "TarifaNomina" ("id", "conceptoId", "rol", "empleadoId", "valor", "fechaInicio", "fechaFin", "activo", "createdAt", "updatedAt") VALUES (71, 1, NULL, 1, 0, '2026-02-04T16:34:48.354Z', '2026-02-04T16:39:19.933Z', false, '2026-02-04T16:34:48.354Z', '2026-02-04T16:39:19.934Z');
INSERT INTO "TarifaNomina" ("id", "conceptoId", "rol", "empleadoId", "valor", "fechaInicio", "fechaFin", "activo", "createdAt", "updatedAt") VALUES (72, 4, NULL, 1, 0, '2026-02-04T16:34:48.377Z', '2026-02-04T16:39:19.936Z', false, '2026-02-04T16:34:48.377Z', '2026-02-04T16:39:19.938Z');
INSERT INTO "TarifaNomina" ("id", "conceptoId", "rol", "empleadoId", "valor", "fechaInicio", "fechaFin", "activo", "createdAt", "updatedAt") VALUES (73, 9, NULL, 1, 0, '2026-02-04T16:34:48.404Z', '2026-02-04T16:39:20.138Z', false, '2026-02-04T16:34:48.404Z', '2026-02-04T16:39:20.140Z');
INSERT INTO "TarifaNomina" ("id", "conceptoId", "rol", "empleadoId", "valor", "fechaInicio", "fechaFin", "activo", "createdAt", "updatedAt") VALUES (74, 2, NULL, 1, 0, '2026-02-04T16:39:19.965Z', NULL, true, '2026-02-04T16:39:19.965Z', '2026-02-04T16:39:19.965Z');
INSERT INTO "TarifaNomina" ("id", "conceptoId", "rol", "empleadoId", "valor", "fechaInicio", "fechaFin", "activo", "createdAt", "updatedAt") VALUES (75, 5, NULL, 1, 0, '2026-02-04T16:39:20.047Z', NULL, true, '2026-02-04T16:39:20.047Z', '2026-02-04T16:39:20.047Z');
INSERT INTO "TarifaNomina" ("id", "conceptoId", "rol", "empleadoId", "valor", "fechaInicio", "fechaFin", "activo", "createdAt", "updatedAt") VALUES (76, 3, NULL, 1, 0, '2026-02-04T16:39:19.994Z', NULL, true, '2026-02-04T16:39:19.994Z', '2026-02-04T16:39:19.994Z');
INSERT INTO "TarifaNomina" ("id", "conceptoId", "rol", "empleadoId", "valor", "fechaInicio", "fechaFin", "activo", "createdAt", "updatedAt") VALUES (77, 6, NULL, 1, 660, '2026-02-04T16:39:20.102Z', NULL, true, '2026-02-04T16:39:20.102Z', '2026-02-04T16:39:20.102Z');
INSERT INTO "TarifaNomina" ("id", "conceptoId", "rol", "empleadoId", "valor", "fechaInicio", "fechaFin", "activo", "createdAt", "updatedAt") VALUES (78, 7, NULL, 1, 880, '2026-02-04T16:39:20.122Z', NULL, true, '2026-02-04T16:39:20.122Z', '2026-02-04T16:39:20.122Z');
INSERT INTO "TarifaNomina" ("id", "conceptoId", "rol", "empleadoId", "valor", "fechaInicio", "fechaFin", "activo", "createdAt", "updatedAt") VALUES (79, 4, NULL, 1, 0, '2026-02-04T16:39:20.138Z', NULL, true, '2026-02-04T16:39:20.138Z', '2026-02-04T16:39:20.138Z');
INSERT INTO "TarifaNomina" ("id", "conceptoId", "rol", "empleadoId", "valor", "fechaInicio", "fechaFin", "activo", "createdAt", "updatedAt") VALUES (80, 8, NULL, 1, 0, '2026-02-04T16:39:20.159Z', NULL, true, '2026-02-04T16:39:20.159Z', '2026-02-04T16:39:20.159Z');
INSERT INTO "TarifaNomina" ("id", "conceptoId", "rol", "empleadoId", "valor", "fechaInicio", "fechaFin", "activo", "createdAt", "updatedAt") VALUES (81, 1, NULL, 1, 0, '2026-02-04T16:39:20.198Z', NULL, true, '2026-02-04T16:39:20.198Z', '2026-02-04T16:39:20.198Z');
INSERT INTO "TarifaNomina" ("id", "conceptoId", "rol", "empleadoId", "valor", "fechaInicio", "fechaFin", "activo", "createdAt", "updatedAt") VALUES (82, 11, NULL, 1, 0, '2026-02-04T16:39:20.218Z', NULL, true, '2026-02-04T16:39:20.218Z', '2026-02-04T16:39:20.218Z');
INSERT INTO "TarifaNomina" ("id", "conceptoId", "rol", "empleadoId", "valor", "fechaInicio", "fechaFin", "activo", "createdAt", "updatedAt") VALUES (83, 9, NULL, 1, 0, '2026-02-04T16:39:20.199Z', NULL, true, '2026-02-04T16:39:20.199Z', '2026-02-04T16:39:20.199Z');
INSERT INTO "TarifaNomina" ("id", "conceptoId", "rol", "empleadoId", "valor", "fechaInicio", "fechaFin", "activo", "createdAt", "updatedAt") VALUES (84, 7, NULL, NULL, 600, '2026-02-04T17:20:28.157Z', '2026-02-04T17:45:05.497Z', false, '2026-02-04T17:20:28.157Z', '2026-02-04T17:45:05.499Z');
INSERT INTO "TarifaNomina" ("id", "conceptoId", "rol", "empleadoId", "valor", "fechaInicio", "fechaFin", "activo", "createdAt", "updatedAt") VALUES (85, 2, NULL, NULL, 0.45, '2026-02-04T17:20:28.133Z', '2026-02-04T17:45:05.330Z', false, '2026-02-04T17:20:28.133Z', '2026-02-04T17:45:05.332Z');
INSERT INTO "TarifaNomina" ("id", "conceptoId", "rol", "empleadoId", "valor", "fechaInicio", "fechaFin", "activo", "createdAt", "updatedAt") VALUES (86, 5, NULL, NULL, 0.2, '2026-02-04T17:20:28.269Z', '2026-02-04T17:45:05.434Z', false, '2026-02-04T17:20:28.269Z', '2026-02-04T17:45:05.437Z');
INSERT INTO "TarifaNomina" ("id", "conceptoId", "rol", "empleadoId", "valor", "fechaInicio", "fechaFin", "activo", "createdAt", "updatedAt") VALUES (87, 9, NULL, NULL, 375, '2026-02-04T17:20:28.301Z', '2026-02-04T17:45:05.580Z', false, '2026-02-04T17:20:28.301Z', '2026-02-04T17:45:05.582Z');
INSERT INTO "TarifaNomina" ("id", "conceptoId", "rol", "empleadoId", "valor", "fechaInicio", "fechaFin", "activo", "createdAt", "updatedAt") VALUES (88, 8, NULL, NULL, 360, '2026-02-04T17:20:28.331Z', '2026-02-04T17:45:05.519Z', false, '2026-02-04T17:20:28.331Z', '2026-02-04T17:45:05.522Z');
INSERT INTO "TarifaNomina" ("id", "conceptoId", "rol", "empleadoId", "valor", "fechaInicio", "fechaFin", "activo", "createdAt", "updatedAt") VALUES (89, 4, NULL, NULL, 8.5, '2026-02-04T17:20:28.400Z', '2026-02-04T17:45:05.406Z', false, '2026-02-04T17:20:28.400Z', '2026-02-04T17:45:05.408Z');
INSERT INTO "TarifaNomina" ("id", "conceptoId", "rol", "empleadoId", "valor", "fechaInicio", "fechaFin", "activo", "createdAt", "updatedAt") VALUES (90, 10, NULL, NULL, 12, '2026-02-04T17:20:28.425Z', '2026-02-04T17:45:05.600Z', false, '2026-02-04T17:20:28.425Z', '2026-02-04T17:45:05.602Z');
INSERT INTO "TarifaNomina" ("id", "conceptoId", "rol", "empleadoId", "valor", "fechaInicio", "fechaFin", "activo", "createdAt", "updatedAt") VALUES (91, 11, NULL, NULL, 8.5, '2026-02-04T17:20:28.457Z', '2026-02-04T17:45:05.627Z', false, '2026-02-04T17:20:28.457Z', '2026-02-04T17:45:05.629Z');
INSERT INTO "TarifaNomina" ("id", "conceptoId", "rol", "empleadoId", "valor", "fechaInicio", "fechaFin", "activo", "createdAt", "updatedAt") VALUES (92, 3, NULL, NULL, 5, '2026-02-04T17:20:28.500Z', '2026-02-04T17:45:05.322Z', false, '2026-02-04T17:20:28.500Z', '2026-02-04T17:45:05.324Z');
INSERT INTO "TarifaNomina" ("id", "conceptoId", "rol", "empleadoId", "valor", "fechaInicio", "fechaFin", "activo", "createdAt", "updatedAt") VALUES (93, 1, NULL, NULL, 0.025, '2026-02-04T17:20:28.528Z', '2026-02-04T17:45:05.329Z', false, '2026-02-04T17:20:28.528Z', '2026-02-04T17:45:05.331Z');
INSERT INTO "TarifaNomina" ("id", "conceptoId", "rol", "empleadoId", "valor", "fechaInicio", "fechaFin", "activo", "createdAt", "updatedAt") VALUES (94, 2, NULL, NULL, 0.45, '2026-02-04T17:45:05.381Z', '2026-02-04T18:03:00.029Z', false, '2026-02-04T17:45:05.381Z', '2026-02-04T18:03:00.031Z');
INSERT INTO "TarifaNomina" ("id", "conceptoId", "rol", "empleadoId", "valor", "fechaInicio", "fechaFin", "activo", "createdAt", "updatedAt") VALUES (95, 3, NULL, NULL, 5, '2026-02-04T17:45:05.356Z', '2026-02-04T18:03:00.047Z', false, '2026-02-04T17:45:05.356Z', '2026-02-04T18:03:00.049Z');
INSERT INTO "TarifaNomina" ("id", "conceptoId", "rol", "empleadoId", "valor", "fechaInicio", "fechaFin", "activo", "createdAt", "updatedAt") VALUES (96, 5, NULL, NULL, 0.2, '2026-02-04T17:45:05.451Z', '2026-02-04T18:03:00.048Z', false, '2026-02-04T17:45:05.451Z', '2026-02-04T18:03:00.050Z');
INSERT INTO "TarifaNomina" ("id", "conceptoId", "rol", "empleadoId", "valor", "fechaInicio", "fechaFin", "activo", "createdAt", "updatedAt") VALUES (97, 1, NULL, NULL, 0.025, '2026-02-04T17:45:05.437Z', '2026-02-04T18:03:00.046Z', false, '2026-02-04T17:45:05.437Z', '2026-02-04T18:03:00.048Z');
INSERT INTO "TarifaNomina" ("id", "conceptoId", "rol", "empleadoId", "valor", "fechaInicio", "fechaFin", "activo", "createdAt", "updatedAt") VALUES (98, 7, NULL, NULL, 600, '2026-02-04T17:45:05.553Z', '2026-02-04T18:03:00.030Z', false, '2026-02-04T17:45:05.553Z', '2026-02-04T18:03:00.032Z');
INSERT INTO "TarifaNomina" ("id", "conceptoId", "rol", "empleadoId", "valor", "fechaInicio", "fechaFin", "activo", "createdAt", "updatedAt") VALUES (99, 4, NULL, NULL, 8.5, '2026-02-04T17:45:05.522Z', '2026-02-04T18:03:00.047Z', false, '2026-02-04T17:45:05.522Z', '2026-02-04T18:03:00.049Z');
INSERT INTO "TarifaNomina" ("id", "conceptoId", "rol", "empleadoId", "valor", "fechaInicio", "fechaFin", "activo", "createdAt", "updatedAt") VALUES (100, 9, NULL, NULL, 375, '2026-02-04T17:45:05.611Z', '2026-02-04T18:03:00.189Z', false, '2026-02-04T17:45:05.611Z', '2026-02-04T18:03:00.191Z');
INSERT INTO "TarifaNomina" ("id", "conceptoId", "rol", "empleadoId", "valor", "fechaInicio", "fechaFin", "activo", "createdAt", "updatedAt") VALUES (101, 11, NULL, NULL, 8.5, '2026-02-04T17:45:05.648Z', '2026-02-04T18:03:00.429Z', false, '2026-02-04T17:45:05.648Z', '2026-02-04T18:03:00.431Z');
INSERT INTO "TarifaNomina" ("id", "conceptoId", "rol", "empleadoId", "valor", "fechaInicio", "fechaFin", "activo", "createdAt", "updatedAt") VALUES (102, 8, NULL, NULL, 360, '2026-02-04T17:45:05.680Z', '2026-02-04T18:03:00.075Z', false, '2026-02-04T17:45:05.680Z', '2026-02-04T18:03:00.077Z');
INSERT INTO "TarifaNomina" ("id", "conceptoId", "rol", "empleadoId", "valor", "fechaInicio", "fechaFin", "activo", "createdAt", "updatedAt") VALUES (103, 10, NULL, NULL, 12, '2026-02-04T17:45:05.717Z', '2026-02-04T18:03:00.309Z', false, '2026-02-04T17:45:05.717Z', '2026-02-04T18:03:00.311Z');
INSERT INTO "TarifaNomina" ("id", "conceptoId", "rol", "empleadoId", "valor", "fechaInicio", "fechaFin", "activo", "createdAt", "updatedAt") VALUES (104, 12, NULL, 3, 40, '2026-02-04T17:50:55.041Z', NULL, true, '2026-02-04T17:50:55.041Z', '2026-02-04T17:50:55.041Z');
INSERT INTO "TarifaNomina" ("id", "conceptoId", "rol", "empleadoId", "valor", "fechaInicio", "fechaFin", "activo", "createdAt", "updatedAt") VALUES (105, 12, NULL, 4, 160, '2026-02-04T17:51:06.671Z', '2026-02-04T17:51:09.091Z', false, '2026-02-04T17:51:06.671Z', '2026-02-04T17:51:09.092Z');
INSERT INTO "TarifaNomina" ("id", "conceptoId", "rol", "empleadoId", "valor", "fechaInicio", "fechaFin", "activo", "createdAt", "updatedAt") VALUES (106, 12, NULL, 4, 160, '2026-02-04T17:51:09.106Z', '2026-02-04T18:07:36.139Z', false, '2026-02-04T17:51:09.106Z', '2026-02-04T18:07:36.141Z');
INSERT INTO "TarifaNomina" ("id", "conceptoId", "rol", "empleadoId", "valor", "fechaInicio", "fechaFin", "activo", "createdAt", "updatedAt") VALUES (107, 12, NULL, 8, 40, '2026-02-04T17:51:26.074Z', NULL, true, '2026-02-04T17:51:26.074Z', '2026-02-04T17:51:26.074Z');
INSERT INTO "TarifaNomina" ("id", "conceptoId", "rol", "empleadoId", "valor", "fechaInicio", "fechaFin", "activo", "createdAt", "updatedAt") VALUES (108, 12, NULL, 9, 20, '2026-02-04T17:51:39.751Z', '2026-02-04T17:52:25.425Z', false, '2026-02-04T17:51:39.751Z', '2026-02-04T17:52:25.428Z');
INSERT INTO "TarifaNomina" ("id", "conceptoId", "rol", "empleadoId", "valor", "fechaInicio", "fechaFin", "activo", "createdAt", "updatedAt") VALUES (109, 12, NULL, 9, 20, '2026-02-04T17:52:25.452Z', NULL, true, '2026-02-04T17:52:25.452Z', '2026-02-04T17:52:25.452Z');
INSERT INTO "TarifaNomina" ("id", "conceptoId", "rol", "empleadoId", "valor", "fechaInicio", "fechaFin", "activo", "createdAt", "updatedAt") VALUES (110, 2, NULL, NULL, 0.45, '2026-02-04T18:03:00.053Z', '2026-02-04T18:17:02.176Z', false, '2026-02-04T18:03:00.053Z', '2026-02-04T18:17:02.178Z');
INSERT INTO "TarifaNomina" ("id", "conceptoId", "rol", "empleadoId", "valor", "fechaInicio", "fechaFin", "activo", "createdAt", "updatedAt") VALUES (111, 1, NULL, NULL, 0.025, '2026-02-04T18:03:00.137Z', '2026-02-04T18:17:02.163Z', false, '2026-02-04T18:03:00.137Z', '2026-02-04T18:17:02.164Z');
INSERT INTO "TarifaNomina" ("id", "conceptoId", "rol", "empleadoId", "valor", "fechaInicio", "fechaFin", "activo", "createdAt", "updatedAt") VALUES (112, 5, NULL, NULL, 0.2, '2026-02-04T18:03:00.270Z', '2026-02-04T18:17:02.164Z', false, '2026-02-04T18:03:00.270Z', '2026-02-04T18:17:02.165Z');
INSERT INTO "TarifaNomina" ("id", "conceptoId", "rol", "empleadoId", "valor", "fechaInicio", "fechaFin", "activo", "createdAt", "updatedAt") VALUES (113, 4, NULL, NULL, 8.5, '2026-02-04T18:03:00.367Z', '2026-02-04T18:17:02.179Z', false, '2026-02-04T18:03:00.367Z', '2026-02-04T18:17:02.180Z');
INSERT INTO "TarifaNomina" ("id", "conceptoId", "rol", "empleadoId", "valor", "fechaInicio", "fechaFin", "activo", "createdAt", "updatedAt") VALUES (114, 7, NULL, NULL, 600, '2026-02-04T18:03:00.453Z', '2026-02-04T18:17:02.165Z', false, '2026-02-04T18:03:00.453Z', '2026-02-04T18:17:02.166Z');
INSERT INTO "TarifaNomina" ("id", "conceptoId", "rol", "empleadoId", "valor", "fechaInicio", "fechaFin", "activo", "createdAt", "updatedAt") VALUES (115, 11, NULL, NULL, 8.5, '2026-02-04T18:03:00.518Z', '2026-02-04T18:17:02.338Z', false, '2026-02-04T18:03:00.518Z', '2026-02-04T18:17:02.339Z');
INSERT INTO "TarifaNomina" ("id", "conceptoId", "rol", "empleadoId", "valor", "fechaInicio", "fechaFin", "activo", "createdAt", "updatedAt") VALUES (116, 10, NULL, NULL, 12, '2026-02-04T18:03:00.555Z', '2026-02-04T18:17:02.303Z', false, '2026-02-04T18:03:00.555Z', '2026-02-04T18:17:02.304Z');
INSERT INTO "TarifaNomina" ("id", "conceptoId", "rol", "empleadoId", "valor", "fechaInicio", "fechaFin", "activo", "createdAt", "updatedAt") VALUES (117, 8, NULL, NULL, 360, '2026-02-04T18:03:00.633Z', '2026-02-04T18:17:02.242Z', false, '2026-02-04T18:03:00.633Z', '2026-02-04T18:17:02.243Z');
INSERT INTO "TarifaNomina" ("id", "conceptoId", "rol", "empleadoId", "valor", "fechaInicio", "fechaFin", "activo", "createdAt", "updatedAt") VALUES (118, 9, NULL, NULL, 375, '2026-02-04T18:03:00.714Z', '2026-02-04T18:17:02.266Z', false, '2026-02-04T18:03:00.714Z', '2026-02-04T18:17:02.267Z');
INSERT INTO "TarifaNomina" ("id", "conceptoId", "rol", "empleadoId", "valor", "fechaInicio", "fechaFin", "activo", "createdAt", "updatedAt") VALUES (119, 3, NULL, NULL, 5, '2026-02-04T18:03:00.764Z', '2026-02-04T18:17:02.178Z', false, '2026-02-04T18:03:00.764Z', '2026-02-04T18:17:02.179Z');
INSERT INTO "TarifaNomina" ("id", "conceptoId", "rol", "empleadoId", "valor", "fechaInicio", "fechaFin", "activo", "createdAt", "updatedAt") VALUES (120, 7, NULL, 4, 450, '2026-02-04T18:07:32.659Z', '2026-02-04T18:07:36.076Z', false, '2026-02-04T18:07:32.659Z', '2026-02-04T18:07:36.078Z');
INSERT INTO "TarifaNomina" ("id", "conceptoId", "rol", "empleadoId", "valor", "fechaInicio", "fechaFin", "activo", "createdAt", "updatedAt") VALUES (121, 7, NULL, 4, 450, '2026-02-04T18:07:36.102Z', NULL, true, '2026-02-04T18:07:36.102Z', '2026-02-04T18:07:36.102Z');
INSERT INTO "TarifaNomina" ("id", "conceptoId", "rol", "empleadoId", "valor", "fechaInicio", "fechaFin", "activo", "createdAt", "updatedAt") VALUES (122, 12, NULL, 4, 160, '2026-02-04T18:07:36.197Z', NULL, true, '2026-02-04T18:07:36.197Z', '2026-02-04T18:07:36.197Z');
INSERT INTO "TarifaNomina" ("id", "conceptoId", "rol", "empleadoId", "valor", "fechaInicio", "fechaFin", "activo", "createdAt", "updatedAt") VALUES (123, 1, NULL, NULL, 0.025, '2026-02-04T18:17:02.187Z', '2026-02-04T18:24:25.351Z', false, '2026-02-04T18:17:02.187Z', '2026-02-04T18:24:25.352Z');
INSERT INTO "TarifaNomina" ("id", "conceptoId", "rol", "empleadoId", "valor", "fechaInicio", "fechaFin", "activo", "createdAt", "updatedAt") VALUES (124, 5, NULL, NULL, 0.2, '2026-02-04T18:17:02.239Z', '2026-02-04T18:24:25.500Z', false, '2026-02-04T18:17:02.239Z', '2026-02-04T18:24:25.502Z');
INSERT INTO "TarifaNomina" ("id", "conceptoId", "rol", "empleadoId", "valor", "fechaInicio", "fechaFin", "activo", "createdAt", "updatedAt") VALUES (125, 3, NULL, NULL, 5, '2026-02-04T18:17:02.269Z', '2026-02-04T18:24:25.415Z', false, '2026-02-04T18:17:02.269Z', '2026-02-04T18:24:25.417Z');
INSERT INTO "TarifaNomina" ("id", "conceptoId", "rol", "empleadoId", "valor", "fechaInicio", "fechaFin", "activo", "createdAt", "updatedAt") VALUES (126, 9, NULL, NULL, 375, '2026-02-04T18:17:02.308Z', '2026-02-04T18:24:25.599Z', false, '2026-02-04T18:17:02.308Z', '2026-02-04T18:24:25.600Z');
INSERT INTO "TarifaNomina" ("id", "conceptoId", "rol", "empleadoId", "valor", "fechaInicio", "fechaFin", "activo", "createdAt", "updatedAt") VALUES (127, 11, NULL, NULL, 8.5, '2026-02-04T18:17:02.350Z', '2026-02-04T18:24:25.665Z', false, '2026-02-04T18:17:02.350Z', '2026-02-04T18:24:25.667Z');
INSERT INTO "TarifaNomina" ("id", "conceptoId", "rol", "empleadoId", "valor", "fechaInicio", "fechaFin", "activo", "createdAt", "updatedAt") VALUES (128, 10, NULL, NULL, 12, '2026-02-04T18:17:02.374Z', '2026-02-04T18:24:25.682Z', false, '2026-02-04T18:17:02.374Z', '2026-02-04T18:24:25.684Z');
INSERT INTO "TarifaNomina" ("id", "conceptoId", "rol", "empleadoId", "valor", "fechaInicio", "fechaFin", "activo", "createdAt", "updatedAt") VALUES (129, 2, NULL, NULL, 0.45, '2026-02-04T18:17:02.409Z', '2026-02-04T18:24:25.352Z', false, '2026-02-04T18:17:02.409Z', '2026-02-04T18:24:25.353Z');
INSERT INTO "TarifaNomina" ("id", "conceptoId", "rol", "empleadoId", "valor", "fechaInicio", "fechaFin", "activo", "createdAt", "updatedAt") VALUES (130, 4, NULL, NULL, 8.5, '2026-02-04T18:17:02.339Z', '2026-02-04T18:24:25.457Z', false, '2026-02-04T18:17:02.339Z', '2026-02-04T18:24:25.459Z');
INSERT INTO "TarifaNomina" ("id", "conceptoId", "rol", "empleadoId", "valor", "fechaInicio", "fechaFin", "activo", "createdAt", "updatedAt") VALUES (131, 7, NULL, NULL, 600, '2026-02-04T18:17:02.471Z', '2026-02-04T18:24:25.524Z', false, '2026-02-04T18:17:02.471Z', '2026-02-04T18:24:25.526Z');
INSERT INTO "TarifaNomina" ("id", "conceptoId", "rol", "empleadoId", "valor", "fechaInicio", "fechaFin", "activo", "createdAt", "updatedAt") VALUES (132, 8, NULL, NULL, 360, '2026-02-04T18:17:02.463Z', '2026-02-04T18:24:25.574Z', false, '2026-02-04T18:17:02.463Z', '2026-02-04T18:24:25.576Z');
INSERT INTO "TarifaNomina" ("id", "conceptoId", "rol", "empleadoId", "valor", "fechaInicio", "fechaFin", "activo", "createdAt", "updatedAt") VALUES (133, 1, NULL, NULL, 0.025, '2026-02-04T18:24:25.384Z', '2026-02-04T18:31:42.275Z', false, '2026-02-04T18:24:25.384Z', '2026-02-04T18:31:42.277Z');
INSERT INTO "TarifaNomina" ("id", "conceptoId", "rol", "empleadoId", "valor", "fechaInicio", "fechaFin", "activo", "createdAt", "updatedAt") VALUES (134, 2, NULL, NULL, 0.45, '2026-02-04T18:24:25.429Z', '2026-02-04T18:31:42.322Z', false, '2026-02-04T18:24:25.429Z', '2026-02-04T18:31:42.324Z');
INSERT INTO "TarifaNomina" ("id", "conceptoId", "rol", "empleadoId", "valor", "fechaInicio", "fechaFin", "activo", "createdAt", "updatedAt") VALUES (135, 4, NULL, NULL, 8.5, '2026-02-04T18:24:25.473Z', '2026-02-04T18:31:42.413Z', false, '2026-02-04T18:24:25.473Z', '2026-02-04T18:31:42.415Z');
INSERT INTO "TarifaNomina" ("id", "conceptoId", "rol", "empleadoId", "valor", "fechaInicio", "fechaFin", "activo", "createdAt", "updatedAt") VALUES (136, 3, NULL, NULL, 5, '2026-02-04T18:24:25.459Z', '2026-02-04T18:31:42.371Z', false, '2026-02-04T18:24:25.459Z', '2026-02-04T18:31:42.373Z');
INSERT INTO "TarifaNomina" ("id", "conceptoId", "rol", "empleadoId", "valor", "fechaInicio", "fechaFin", "activo", "createdAt", "updatedAt") VALUES (137, 7, NULL, NULL, 600, '2026-02-04T18:24:25.549Z', '2026-02-04T18:31:42.512Z', false, '2026-02-04T18:24:25.549Z', '2026-02-04T18:31:42.514Z');
INSERT INTO "TarifaNomina" ("id", "conceptoId", "rol", "empleadoId", "valor", "fechaInicio", "fechaFin", "activo", "createdAt", "updatedAt") VALUES (138, 5, NULL, NULL, 0.2, '2026-02-04T18:24:25.526Z', '2026-02-04T18:31:42.473Z', false, '2026-02-04T18:24:25.526Z', '2026-02-04T18:31:42.476Z');
INSERT INTO "TarifaNomina" ("id", "conceptoId", "rol", "empleadoId", "valor", "fechaInicio", "fechaFin", "activo", "createdAt", "updatedAt") VALUES (139, 9, NULL, NULL, 375, '2026-02-04T18:24:25.635Z', '2026-02-04T18:31:42.610Z', false, '2026-02-04T18:24:25.635Z', '2026-02-04T18:31:42.612Z');
INSERT INTO "TarifaNomina" ("id", "conceptoId", "rol", "empleadoId", "valor", "fechaInicio", "fechaFin", "activo", "createdAt", "updatedAt") VALUES (140, 8, NULL, NULL, 360, '2026-02-04T18:24:25.679Z', '2026-02-04T18:31:42.556Z', false, '2026-02-04T18:24:25.679Z', '2026-02-04T18:31:42.558Z');
INSERT INTO "TarifaNomina" ("id", "conceptoId", "rol", "empleadoId", "valor", "fechaInicio", "fechaFin", "activo", "createdAt", "updatedAt") VALUES (141, 10, NULL, NULL, 12, '2026-02-04T18:24:25.713Z', '2026-02-04T18:31:42.594Z', false, '2026-02-04T18:24:25.713Z', '2026-02-04T18:31:42.596Z');
INSERT INTO "TarifaNomina" ("id", "conceptoId", "rol", "empleadoId", "valor", "fechaInicio", "fechaFin", "activo", "createdAt", "updatedAt") VALUES (142, 13, NULL, NULL, 20, '2026-02-04T18:24:25.728Z', '2026-02-04T18:31:42.594Z', false, '2026-02-04T18:24:25.728Z', '2026-02-04T18:31:42.596Z');
INSERT INTO "TarifaNomina" ("id", "conceptoId", "rol", "empleadoId", "valor", "fechaInicio", "fechaFin", "activo", "createdAt", "updatedAt") VALUES (143, 14, NULL, NULL, 25, '2026-02-04T18:24:25.744Z', '2026-02-04T18:31:42.612Z', false, '2026-02-04T18:24:25.744Z', '2026-02-04T18:31:42.614Z');
INSERT INTO "TarifaNomina" ("id", "conceptoId", "rol", "empleadoId", "valor", "fechaInicio", "fechaFin", "activo", "createdAt", "updatedAt") VALUES (144, 11, NULL, NULL, 8.5, '2026-02-04T18:24:25.689Z', '2026-02-04T18:31:42.611Z', false, '2026-02-04T18:24:25.689Z', '2026-02-04T18:31:42.613Z');
INSERT INTO "TarifaNomina" ("id", "conceptoId", "rol", "empleadoId", "valor", "fechaInicio", "fechaFin", "activo", "createdAt", "updatedAt") VALUES (145, 1, NULL, NULL, 0.025, '2026-02-04T18:31:42.294Z', '2026-02-04T18:32:10.084Z', false, '2026-02-04T18:31:42.294Z', '2026-02-04T18:32:10.086Z');
INSERT INTO "TarifaNomina" ("id", "conceptoId", "rol", "empleadoId", "valor", "fechaInicio", "fechaFin", "activo", "createdAt", "updatedAt") VALUES (146, 2, NULL, NULL, 0.45, '2026-02-04T18:31:42.340Z', '2026-02-04T18:32:10.103Z', false, '2026-02-04T18:31:42.340Z', '2026-02-04T18:32:10.105Z');
INSERT INTO "TarifaNomina" ("id", "conceptoId", "rol", "empleadoId", "valor", "fechaInicio", "fechaFin", "activo", "createdAt", "updatedAt") VALUES (147, 3, NULL, NULL, 5, '2026-02-04T18:31:42.388Z', '2026-02-04T18:32:10.105Z', false, '2026-02-04T18:31:42.388Z', '2026-02-04T18:32:10.107Z');
INSERT INTO "TarifaNomina" ("id", "conceptoId", "rol", "empleadoId", "valor", "fechaInicio", "fechaFin", "activo", "createdAt", "updatedAt") VALUES (148, 4, NULL, NULL, 8.5, '2026-02-04T18:31:42.431Z', '2026-02-04T18:32:10.083Z', false, '2026-02-04T18:31:42.431Z', '2026-02-04T18:32:10.085Z');
INSERT INTO "TarifaNomina" ("id", "conceptoId", "rol", "empleadoId", "valor", "fechaInicio", "fechaFin", "activo", "createdAt", "updatedAt") VALUES (149, 5, NULL, NULL, 0.2, '2026-02-04T18:31:42.488Z', '2026-02-04T18:32:10.104Z', false, '2026-02-04T18:31:42.488Z', '2026-02-04T18:32:10.106Z');
INSERT INTO "TarifaNomina" ("id", "conceptoId", "rol", "empleadoId", "valor", "fechaInicio", "fechaFin", "activo", "createdAt", "updatedAt") VALUES (150, 7, NULL, NULL, 600, '2026-02-04T18:31:42.525Z', '2026-02-04T18:32:10.101Z', false, '2026-02-04T18:31:42.525Z', '2026-02-04T18:32:10.104Z');
INSERT INTO "TarifaNomina" ("id", "conceptoId", "rol", "empleadoId", "valor", "fechaInicio", "fechaFin", "activo", "createdAt", "updatedAt") VALUES (151, 8, NULL, NULL, 360, '2026-02-04T18:31:42.572Z', '2026-02-04T18:32:10.151Z', false, '2026-02-04T18:31:42.572Z', '2026-02-04T18:32:10.154Z');
INSERT INTO "TarifaNomina" ("id", "conceptoId", "rol", "empleadoId", "valor", "fechaInicio", "fechaFin", "activo", "createdAt", "updatedAt") VALUES (152, 10, NULL, NULL, 12, '2026-02-04T18:31:42.616Z', '2026-02-04T18:32:10.274Z', false, '2026-02-04T18:31:42.616Z', '2026-02-04T18:32:10.276Z');
INSERT INTO "TarifaNomina" ("id", "conceptoId", "rol", "empleadoId", "valor", "fechaInicio", "fechaFin", "activo", "createdAt", "updatedAt") VALUES (153, 13, NULL, NULL, 20, '2026-02-04T18:31:42.667Z', '2026-02-04T18:32:10.373Z', false, '2026-02-04T18:31:42.667Z', '2026-02-04T18:32:10.375Z');
INSERT INTO "TarifaNomina" ("id", "conceptoId", "rol", "empleadoId", "valor", "fechaInicio", "fechaFin", "activo", "createdAt", "updatedAt") VALUES (154, 9, NULL, NULL, 375, '2026-02-04T18:31:42.793Z', '2026-02-04T18:32:10.214Z', false, '2026-02-04T18:31:42.793Z', '2026-02-04T18:32:10.216Z');
INSERT INTO "TarifaNomina" ("id", "conceptoId", "rol", "empleadoId", "valor", "fechaInicio", "fechaFin", "activo", "createdAt", "updatedAt") VALUES (155, 14, NULL, NULL, 25, '2026-02-04T18:31:42.836Z', '2026-02-04T18:32:10.512Z', false, '2026-02-04T18:31:42.836Z', '2026-02-04T18:32:10.514Z');
INSERT INTO "TarifaNomina" ("id", "conceptoId", "rol", "empleadoId", "valor", "fechaInicio", "fechaFin", "activo", "createdAt", "updatedAt") VALUES (156, 11, NULL, NULL, 8.5, '2026-02-04T18:31:42.880Z', '2026-02-04T18:32:10.320Z', false, '2026-02-04T18:31:42.880Z', '2026-02-04T18:32:10.322Z');
INSERT INTO "TarifaNomina" ("id", "conceptoId", "rol", "empleadoId", "valor", "fechaInicio", "fechaFin", "activo", "createdAt", "updatedAt") VALUES (157, 3, NULL, NULL, 5, '2026-02-04T18:32:10.124Z', NULL, true, '2026-02-04T18:32:10.124Z', '2026-02-04T18:32:10.124Z');
INSERT INTO "TarifaNomina" ("id", "conceptoId", "rol", "empleadoId", "valor", "fechaInicio", "fechaFin", "activo", "createdAt", "updatedAt") VALUES (158, 1, NULL, NULL, 0.025, '2026-02-04T18:32:10.167Z', NULL, true, '2026-02-04T18:32:10.167Z', '2026-02-04T18:32:10.167Z');
INSERT INTO "TarifaNomina" ("id", "conceptoId", "rol", "empleadoId", "valor", "fechaInicio", "fechaFin", "activo", "createdAt", "updatedAt") VALUES (159, 9, NULL, NULL, 375, '2026-02-04T18:32:10.248Z', NULL, true, '2026-02-04T18:32:10.248Z', '2026-02-04T18:32:10.248Z');
INSERT INTO "TarifaNomina" ("id", "conceptoId", "rol", "empleadoId", "valor", "fechaInicio", "fechaFin", "activo", "createdAt", "updatedAt") VALUES (160, 10, NULL, NULL, 12, '2026-02-04T18:32:10.289Z', NULL, true, '2026-02-04T18:32:10.289Z', '2026-02-04T18:32:10.289Z');
INSERT INTO "TarifaNomina" ("id", "conceptoId", "rol", "empleadoId", "valor", "fechaInicio", "fechaFin", "activo", "createdAt", "updatedAt") VALUES (161, 11, NULL, NULL, 8.5, '2026-02-04T18:32:10.352Z', NULL, true, '2026-02-04T18:32:10.352Z', '2026-02-04T18:32:10.352Z');
INSERT INTO "TarifaNomina" ("id", "conceptoId", "rol", "empleadoId", "valor", "fechaInicio", "fechaFin", "activo", "createdAt", "updatedAt") VALUES (162, 2, NULL, NULL, 0.45, '2026-02-04T18:32:10.481Z', NULL, true, '2026-02-04T18:32:10.481Z', '2026-02-04T18:32:10.481Z');
INSERT INTO "TarifaNomina" ("id", "conceptoId", "rol", "empleadoId", "valor", "fechaInicio", "fechaFin", "activo", "createdAt", "updatedAt") VALUES (163, 5, NULL, NULL, 0.2, '2026-02-04T18:32:10.385Z', NULL, true, '2026-02-04T18:32:10.385Z', '2026-02-04T18:32:10.385Z');
INSERT INTO "TarifaNomina" ("id", "conceptoId", "rol", "empleadoId", "valor", "fechaInicio", "fechaFin", "activo", "createdAt", "updatedAt") VALUES (164, 13, NULL, NULL, 20, '2026-02-04T18:32:10.576Z', NULL, true, '2026-02-04T18:32:10.576Z', '2026-02-04T18:32:10.576Z');
INSERT INTO "TarifaNomina" ("id", "conceptoId", "rol", "empleadoId", "valor", "fechaInicio", "fechaFin", "activo", "createdAt", "updatedAt") VALUES (165, 7, NULL, NULL, 600, '2026-02-04T18:32:10.230Z', NULL, true, '2026-02-04T18:32:10.230Z', '2026-02-04T18:32:10.230Z');
INSERT INTO "TarifaNomina" ("id", "conceptoId", "rol", "empleadoId", "valor", "fechaInicio", "fechaFin", "activo", "createdAt", "updatedAt") VALUES (166, 14, NULL, NULL, 25, '2026-02-04T18:32:10.688Z', NULL, true, '2026-02-04T18:32:10.688Z', '2026-02-04T18:32:10.688Z');
INSERT INTO "TarifaNomina" ("id", "conceptoId", "rol", "empleadoId", "valor", "fechaInicio", "fechaFin", "activo", "createdAt", "updatedAt") VALUES (167, 8, NULL, NULL, 360, '2026-02-04T18:32:10.183Z', NULL, true, '2026-02-04T18:32:10.183Z', '2026-02-04T18:32:10.183Z');
INSERT INTO "TarifaNomina" ("id", "conceptoId", "rol", "empleadoId", "valor", "fechaInicio", "fechaFin", "activo", "createdAt", "updatedAt") VALUES (168, 4, NULL, NULL, 8.5, '2026-02-04T18:32:10.113Z', NULL, true, '2026-02-04T18:32:10.113Z', '2026-02-04T18:32:10.113Z');
INSERT INTO "JornadaLaboral" ("id", "fecha", "horaEntrada", "horaSalida", "totalHoras", "estado", "observaciones", "empleadoId", "createdAt", "updatedAt") VALUES (1, '2026-01-30T09:45:50.349Z', '2026-01-30T09:45:50.349Z', '2026-01-30T10:02:45.070Z', 0.28, 'CERRADA', NULL, 5, '2026-01-30T09:45:50.363Z', '2026-01-30T10:02:45.082Z');
INSERT INTO "JornadaLaboral" ("id", "fecha", "horaEntrada", "horaSalida", "totalHoras", "estado", "observaciones", "empleadoId", "createdAt", "updatedAt") VALUES (2, '2026-01-30T09:47:07.565Z', '2026-01-30T09:47:07.565Z', '2026-01-30T10:10:39.975Z', 0.39, 'CERRADA', NULL, 2, '2026-01-30T09:47:07.591Z', '2026-01-30T10:10:39.987Z');
INSERT INTO "JornadaLaboral" ("id", "fecha", "horaEntrada", "horaSalida", "totalHoras", "estado", "observaciones", "empleadoId", "createdAt", "updatedAt") VALUES (5, '2026-01-30T10:06:18.251Z', '2026-01-30T10:06:18.251Z', '2026-01-30T16:44:31.872Z', 6.64, 'CERRADA', NULL, 5, '2026-01-30T10:06:18.275Z', '2026-01-30T16:44:31.894Z');
INSERT INTO "JornadaLaboral" ("id", "fecha", "horaEntrada", "horaSalida", "totalHoras", "estado", "observaciones", "empleadoId", "createdAt", "updatedAt") VALUES (6, '2026-01-30T10:19:38.093Z', '2026-01-30T10:19:38.094Z', '2026-01-30T16:44:17.664Z', 6.41, 'CERRADA', NULL, 2, '2026-01-30T10:19:38.105Z', '2026-01-30T16:44:17.684Z');
INSERT INTO "JornadaLaboral" ("id", "fecha", "horaEntrada", "horaSalida", "totalHoras", "estado", "observaciones", "empleadoId", "createdAt", "updatedAt") VALUES (8, '2026-01-30T10:30:09.004Z', '2026-01-30T10:30:09.004Z', '2026-01-30T10:37:03.069Z', 0.12, 'CERRADA', NULL, 1, '2026-01-30T10:30:09.025Z', '2026-01-30T10:37:03.083Z');
INSERT INTO "JornadaLaboral" ("id", "fecha", "horaEntrada", "horaSalida", "totalHoras", "estado", "observaciones", "empleadoId", "createdAt", "updatedAt") VALUES (9, '2026-01-30T10:40:50.567Z', '2026-01-30T10:40:50.567Z', '2026-01-30T10:41:04.487Z', 0, 'CERRADA', NULL, 7, '2026-01-30T10:40:49.590Z', '2026-01-30T10:41:03.499Z');
INSERT INTO "JornadaLaboral" ("id", "fecha", "horaEntrada", "horaSalida", "totalHoras", "estado", "observaciones", "empleadoId", "createdAt", "updatedAt") VALUES (10, '2026-01-30T10:41:09.735Z', '2026-01-30T10:41:09.735Z', '2026-01-30T10:42:00.959Z', 0.01, 'CERRADA', NULL, 7, '2026-01-30T10:41:08.752Z', '2026-01-30T10:41:59.985Z');
INSERT INTO "JornadaLaboral" ("id", "fecha", "horaEntrada", "horaSalida", "totalHoras", "estado", "observaciones", "empleadoId", "createdAt", "updatedAt") VALUES (11, '2026-01-30T10:41:33.789Z', '2026-01-30T10:41:33.789Z', '2026-01-30T11:35:50.226Z', 0.9, 'CERRADA', NULL, 6, '2026-01-30T10:41:34.060Z', '2026-01-30T11:35:50.507Z');
INSERT INTO "JornadaLaboral" ("id", "fecha", "horaEntrada", "horaSalida", "totalHoras", "estado", "observaciones", "empleadoId", "createdAt", "updatedAt") VALUES (12, '2026-01-30T10:42:06.672Z', '2026-01-30T10:42:06.672Z', '2026-02-02T08:25:39.681Z', NULL, 'CERRADA', 'Cierre automático por nueva entrada', 7, '2026-01-30T10:42:05.696Z', '2026-02-02T08:25:39.688Z');
INSERT INTO "JornadaLaboral" ("id", "fecha", "horaEntrada", "horaSalida", "totalHoras", "estado", "observaciones", "empleadoId", "createdAt", "updatedAt") VALUES (15, '2026-01-30T11:36:01.850Z', '2026-01-30T11:36:01.850Z', '2026-01-30T16:55:50.732Z', 5.33, 'CERRADA', NULL, 6, '2026-01-30T11:36:02.128Z', '2026-01-30T16:55:51.089Z');
INSERT INTO "JornadaLaboral" ("id", "fecha", "horaEntrada", "horaSalida", "totalHoras", "estado", "observaciones", "empleadoId", "createdAt", "updatedAt") VALUES (16, '2026-01-30T12:47:39.995Z', '2026-01-30T12:47:39.995Z', '2026-01-30T16:45:05.176Z', 3.96, 'CERRADA', NULL, 1, '2026-01-30T12:47:40.010Z', '2026-01-30T16:45:05.204Z');
INSERT INTO "JornadaLaboral" ("id", "fecha", "horaEntrada", "horaSalida", "totalHoras", "estado", "observaciones", "empleadoId", "createdAt", "updatedAt") VALUES (19, '2026-02-01T10:34:07.695Z', '2026-02-01T10:34:07.695Z', '2026-02-02T16:29:50.597Z', NULL, 'CERRADA', 'Cierre automático por nueva entrada', 3, '2026-02-01T10:34:07.718Z', '2026-02-02T16:29:50.600Z');
INSERT INTO "JornadaLaboral" ("id", "fecha", "horaEntrada", "horaSalida", "totalHoras", "estado", "observaciones", "empleadoId", "createdAt", "updatedAt") VALUES (20, '2026-02-02T07:04:28.756Z', '2026-02-02T07:04:28.756Z', '2026-02-02T12:56:08.939Z', 5.86, 'CERRADA', NULL, 6, '2026-02-02T07:04:26.725Z', '2026-02-02T12:56:06.971Z');
INSERT INTO "JornadaLaboral" ("id", "fecha", "horaEntrada", "horaSalida", "totalHoras", "estado", "observaciones", "empleadoId", "createdAt", "updatedAt") VALUES (21, '2026-02-02T08:25:39.671Z', '2026-02-02T08:25:39.671Z', '2026-02-02T08:25:44.357Z', 0, 'CERRADA', NULL, 7, '2026-02-02T08:25:39.735Z', '2026-02-02T08:25:44.377Z');
INSERT INTO "JornadaLaboral" ("id", "fecha", "horaEntrada", "horaSalida", "totalHoras", "estado", "observaciones", "empleadoId", "createdAt", "updatedAt") VALUES (22, '2026-02-02T12:34:32.890Z', '2026-02-02T12:34:32.890Z', '2026-02-02T13:11:22.517Z', 0.61, 'CERRADA', NULL, 7, '2026-02-02T12:34:31.979Z', '2026-02-02T13:11:22.533Z');
INSERT INTO "JornadaLaboral" ("id", "fecha", "horaEntrada", "horaSalida", "totalHoras", "estado", "observaciones", "empleadoId", "createdAt", "updatedAt") VALUES (23, '2026-02-02T14:25:13.235Z', '2026-02-02T14:25:13.235Z', '2026-02-02T16:59:13.752Z', 2.57, 'CERRADA', NULL, 6, '2026-02-02T14:25:11.300Z', '2026-02-02T16:59:11.830Z');
INSERT INTO "JornadaLaboral" ("id", "fecha", "horaEntrada", "horaSalida", "totalHoras", "estado", "observaciones", "empleadoId", "createdAt", "updatedAt") VALUES (24, '2026-02-02T16:29:50.574Z', '2026-02-02T16:29:50.574Z', '2026-02-02T16:30:15.272Z', 0.01, 'CERRADA', NULL, 3, '2026-02-02T16:29:50.616Z', '2026-02-02T16:30:15.286Z');
INSERT INTO "JornadaLaboral" ("id", "fecha", "horaEntrada", "horaSalida", "totalHoras", "estado", "observaciones", "empleadoId", "createdAt", "updatedAt") VALUES (25, '2026-02-02T16:32:00.488Z', '2026-02-02T16:32:00.488Z', '2026-02-02T16:34:11.984Z', 0.04, 'CERRADA', NULL, 3, '2026-02-02T16:32:00.502Z', '2026-02-02T16:34:12.007Z');
INSERT INTO "JornadaLaboral" ("id", "fecha", "horaEntrada", "horaSalida", "totalHoras", "estado", "observaciones", "empleadoId", "createdAt", "updatedAt") VALUES (26, '2026-02-02T16:34:20.566Z', '2026-02-02T16:34:20.566Z', '2026-02-03T10:41:01.558Z', NULL, 'CERRADA', 'Cierre automático por nueva entrada', 3, '2026-02-02T16:34:20.883Z', '2026-02-03T10:41:01.561Z');
INSERT INTO "JornadaLaboral" ("id", "fecha", "horaEntrada", "horaSalida", "totalHoras", "estado", "observaciones", "empleadoId", "createdAt", "updatedAt") VALUES (27, '2026-02-03T06:58:21.608Z', '2026-02-03T06:58:21.608Z', '2026-02-03T13:00:31.516Z', 6.04, 'CERRADA', NULL, 6, '2026-02-03T06:58:21.077Z', '2026-02-03T13:00:31.059Z');
INSERT INTO "JornadaLaboral" ("id", "fecha", "horaEntrada", "horaSalida", "totalHoras", "estado", "observaciones", "empleadoId", "createdAt", "updatedAt") VALUES (28, '2026-02-03T08:09:19.479Z', '2026-02-03T08:09:19.479Z', '2026-02-03T13:00:06.871Z', 4.85, 'CERRADA', NULL, 7, '2026-02-03T08:09:18.757Z', '2026-02-03T13:00:06.178Z');
INSERT INTO "JornadaLaboral" ("id", "fecha", "horaEntrada", "horaSalida", "totalHoras", "estado", "observaciones", "empleadoId", "createdAt", "updatedAt") VALUES (29, '2026-02-03T10:41:01.550Z', '2026-02-03T10:41:01.550Z', '2026-02-03T16:00:03.937Z', 5.32, 'CERRADA', NULL, 3, '2026-02-03T10:41:01.580Z', '2026-02-03T16:00:03.959Z');
INSERT INTO "JornadaLaboral" ("id", "fecha", "horaEntrada", "horaSalida", "totalHoras", "estado", "observaciones", "empleadoId", "createdAt", "updatedAt") VALUES (30, '2026-02-03T14:19:51.934Z', '2026-02-03T14:19:51.934Z', '2026-02-03T17:00:59.905Z', 2.69, 'CERRADA', NULL, 6, '2026-02-03T14:19:51.488Z', '2026-02-03T17:01:00.523Z');
INSERT INTO "JornadaLaboral" ("id", "fecha", "horaEntrada", "horaSalida", "totalHoras", "estado", "observaciones", "empleadoId", "createdAt", "updatedAt") VALUES (31, '2026-02-03T15:41:14.536Z', '2026-02-03T15:41:14.536Z', '2026-02-03T18:30:01.423Z', 2.81, 'CERRADA', NULL, 7, '2026-02-03T15:41:14.892Z', '2026-02-03T18:30:01.793Z');
INSERT INTO "JornadaLaboral" ("id", "fecha", "horaEntrada", "horaSalida", "totalHoras", "estado", "observaciones", "empleadoId", "createdAt", "updatedAt") VALUES (32, '2026-02-04T06:59:01.466Z', '2026-02-04T06:59:01.466Z', '2026-02-04T12:56:10.495Z', 5.95, 'CERRADA', NULL, 6, '2026-02-04T06:59:02.322Z', '2026-02-04T12:56:11.464Z');
INSERT INTO "JornadaLaboral" ("id", "fecha", "horaEntrada", "horaSalida", "totalHoras", "estado", "observaciones", "empleadoId", "createdAt", "updatedAt") VALUES (33, '2026-02-04T08:02:31.235Z', '2026-02-04T08:02:31.235Z', '2026-02-04T13:00:03.836Z', 4.96, 'CERRADA', NULL, 7, '2026-02-04T08:02:31.748Z', '2026-02-04T13:00:04.377Z');
INSERT INTO "JornadaLaboral" ("id", "fecha", "horaEntrada", "horaSalida", "totalHoras", "estado", "observaciones", "empleadoId", "createdAt", "updatedAt") VALUES (34, '2026-02-04T14:20:24.695Z', '2026-02-04T14:20:24.695Z', '2026-02-04T16:58:02.772Z', 2.63, 'CERRADA', NULL, 6, '2026-02-04T14:20:25.666Z', '2026-02-04T16:58:03.795Z');
INSERT INTO "JornadaLaboral" ("id", "fecha", "horaEntrada", "horaSalida", "totalHoras", "estado", "observaciones", "empleadoId", "createdAt", "updatedAt") VALUES (35, '2026-02-04T14:38:02.339Z', '2026-02-04T14:38:02.339Z', '2026-02-04T15:04:29.631Z', 0.44, 'CERRADA', NULL, 3, '2026-02-04T14:38:02.357Z', '2026-02-04T15:04:29.653Z');
INSERT INTO "JornadaLaboral" ("id", "fecha", "horaEntrada", "horaSalida", "totalHoras", "estado", "observaciones", "empleadoId", "createdAt", "updatedAt") VALUES (36, '2026-02-04T15:13:14.823Z', '2026-02-04T15:13:14.823Z', '2026-02-06T11:02:44.975Z', NULL, 'CERRADA', 'Cierre automático por nueva entrada', 4, '2026-02-04T15:13:14.834Z', '2026-02-06T11:02:44.977Z');
INSERT INTO "JornadaLaboral" ("id", "fecha", "horaEntrada", "horaSalida", "totalHoras", "estado", "observaciones", "empleadoId", "createdAt", "updatedAt") VALUES (37, '2026-02-04T15:26:48.520Z', '2026-02-04T15:26:48.520Z', '2026-02-04T18:30:12.372Z', 3.06, 'CERRADA', NULL, 7, '2026-02-04T15:26:49.120Z', '2026-02-04T18:30:12.961Z');
INSERT INTO "JornadaLaboral" ("id", "fecha", "horaEntrada", "horaSalida", "totalHoras", "estado", "observaciones", "empleadoId", "createdAt", "updatedAt") VALUES (42, '2026-01-31T11:00:00.000Z', '2026-01-31T07:00:00.000Z', '2026-01-31T17:00:00.000Z', 10, 'CERRADA', 'Total Enero Inyectado', 4, '2026-02-04T18:09:48.080Z', '2026-02-04T18:09:48.080Z');
INSERT INTO "JornadaLaboral" ("id", "fecha", "horaEntrada", "horaSalida", "totalHoras", "estado", "observaciones", "empleadoId", "createdAt", "updatedAt") VALUES (43, '2026-01-31T11:00:00.000Z', '2026-01-31T07:00:00.000Z', '2026-01-31T17:00:00.000Z', 10, 'CERRADA', 'Total Enero Inyectado', 9, '2026-02-04T18:09:48.232Z', '2026-02-04T18:09:48.232Z');
INSERT INTO "JornadaLaboral" ("id", "fecha", "horaEntrada", "horaSalida", "totalHoras", "estado", "observaciones", "empleadoId", "createdAt", "updatedAt") VALUES (44, '2026-01-31T11:00:00.000Z', '2026-01-31T07:00:00.000Z', '2026-01-31T17:00:00.000Z', 10, 'CERRADA', 'Total Enero Inyectado', 3, '2026-02-04T18:09:48.332Z', '2026-02-04T18:09:48.332Z');
INSERT INTO "JornadaLaboral" ("id", "fecha", "horaEntrada", "horaSalida", "totalHoras", "estado", "observaciones", "empleadoId", "createdAt", "updatedAt") VALUES (45, '2026-01-31T11:00:00.000Z', '2026-01-31T07:00:00.000Z', '2026-01-31T17:00:00.000Z', 10, 'CERRADA', 'Total Enero Inyectado', 8, '2026-02-04T18:09:48.385Z', '2026-02-04T18:09:48.385Z');
INSERT INTO "JornadaLaboral" ("id", "fecha", "horaEntrada", "horaSalida", "totalHoras", "estado", "observaciones", "empleadoId", "createdAt", "updatedAt") VALUES (46, '2026-02-05T09:49:39.380Z', '2026-02-05T09:49:39.380Z', '2026-02-05T12:54:28.393Z', 3.08, 'CERRADA', 'no funciona el programa a primera hora de la mañana', 6, '2026-02-05T09:49:40.673Z', '2026-02-05T12:54:29.744Z');
INSERT INTO "JornadaLaboral" ("id", "fecha", "horaEntrada", "horaSalida", "totalHoras", "estado", "observaciones", "empleadoId", "createdAt", "updatedAt") VALUES (47, '2026-02-05T09:49:43.110Z', '2026-02-05T09:49:43.110Z', '2026-02-05T13:00:06.848Z', 3.17, 'CERRADA', NULL, 7, '2026-02-05T09:49:43.835Z', '2026-02-05T13:00:07.613Z');
INSERT INTO "JornadaLaboral" ("id", "fecha", "horaEntrada", "horaSalida", "totalHoras", "estado", "observaciones", "empleadoId", "createdAt", "updatedAt") VALUES (48, '2026-02-05T09:49:56.847Z', '2026-02-05T09:49:56.847Z', '2026-02-05T09:50:23.961Z', 0.01, 'CERRADA', 'FALLO PROGRAMA', 5, '2026-02-05T09:49:57.546Z', '2026-02-05T09:50:24.661Z');
INSERT INTO "JornadaLaboral" ("id", "fecha", "horaEntrada", "horaSalida", "totalHoras", "estado", "observaciones", "empleadoId", "createdAt", "updatedAt") VALUES (49, '2026-02-05T10:04:39.081Z', '2026-02-05T10:04:39.081Z', '2026-02-05T15:00:09.381Z', 4.93, 'CERRADA', NULL, 5, '2026-02-05T10:04:39.789Z', '2026-02-05T15:00:10.262Z');
INSERT INTO "JornadaLaboral" ("id", "fecha", "horaEntrada", "horaSalida", "totalHoras", "estado", "observaciones", "empleadoId", "createdAt", "updatedAt") VALUES (50, '2026-02-05T14:21:37.712Z', '2026-02-05T14:21:37.712Z', '2026-02-05T17:00:06.277Z', 2.64, 'CERRADA', NULL, 6, '2026-02-05T14:21:39.083Z', '2026-02-05T17:00:13.104Z');
INSERT INTO "JornadaLaboral" ("id", "fecha", "horaEntrada", "horaSalida", "totalHoras", "estado", "observaciones", "empleadoId", "createdAt", "updatedAt") VALUES (51, '2026-02-05T15:25:22.267Z', '2026-02-05T15:25:22.267Z', '2026-02-05T18:30:05.441Z', 3.08, 'CERRADA', NULL, 7, '2026-02-05T15:25:23.107Z', '2026-02-05T18:30:06.269Z');
INSERT INTO "JornadaLaboral" ("id", "fecha", "horaEntrada", "horaSalida", "totalHoras", "estado", "observaciones", "empleadoId", "createdAt", "updatedAt") VALUES (52, '2026-02-06T06:54:23.338Z', '2026-02-06T06:54:23.338Z', NULL, NULL, 'TRABAJANDO', NULL, 5, '2026-02-06T06:54:20.440Z', '2026-02-06T06:54:20.440Z');
INSERT INTO "JornadaLaboral" ("id", "fecha", "horaEntrada", "horaSalida", "totalHoras", "estado", "observaciones", "empleadoId", "createdAt", "updatedAt") VALUES (53, '2026-02-06T06:59:53.018Z', '2026-02-06T06:59:53.018Z', NULL, NULL, 'TRABAJANDO', NULL, 6, '2026-02-06T06:59:53.140Z', '2026-02-06T06:59:53.140Z');
INSERT INTO "JornadaLaboral" ("id", "fecha", "horaEntrada", "horaSalida", "totalHoras", "estado", "observaciones", "empleadoId", "createdAt", "updatedAt") VALUES (54, '2026-02-06T08:02:48.962Z', '2026-02-06T08:02:48.962Z', NULL, NULL, 'TRABAJANDO', NULL, 7, '2026-02-06T08:02:48.796Z', '2026-02-06T08:02:48.796Z');
INSERT INTO "JornadaLaboral" ("id", "fecha", "horaEntrada", "horaSalida", "totalHoras", "estado", "observaciones", "empleadoId", "createdAt", "updatedAt") VALUES (55, '2026-02-06T11:02:44.956Z', '2026-02-06T11:02:44.956Z', '2026-02-06T11:02:53.382Z', 0, 'CERRADA', NULL, 4, '2026-02-06T11:02:44.995Z', '2026-02-06T11:02:53.395Z');
INSERT INTO "UsoCamion" ("id", "jornadaId", "camionId", "horaInicio", "horaFin", "kmInicial", "kmFinal", "kmRecorridos", "descargasCount", "viajesCount", "litrosRepostados", "fotoKmInicial", "notas", "createdAt", "updatedAt") VALUES (8, 19, 5, '2026-02-01T10:34:10.265Z', NULL, 67170, NULL, NULL, 5, 0, 0, NULL, NULL, '2026-02-01T10:34:10.275Z', '2026-02-01T10:34:52.084Z');
INSERT INTO "UsoCamion" ("id", "jornadaId", "camionId", "horaInicio", "horaFin", "kmInicial", "kmFinal", "kmRecorridos", "descargasCount", "viajesCount", "litrosRepostados", "fotoKmInicial", "notas", "createdAt", "updatedAt") VALUES (9, 24, 1, '2026-02-02T16:29:58.975Z', '2026-02-02T16:30:11.692Z', 51, 65, 14, 0, 0, 0, NULL, NULL, '2026-02-02T16:29:59.028Z', '2026-02-02T16:30:11.702Z');
INSERT INTO "UsoCamion" ("id", "jornadaId", "camionId", "horaInicio", "horaFin", "kmInicial", "kmFinal", "kmRecorridos", "descargasCount", "viajesCount", "litrosRepostados", "fotoKmInicial", "notas", "createdAt", "updatedAt") VALUES (10, 26, 4, '2026-02-02T16:35:57.664Z', NULL, 433073, NULL, NULL, 0, 0, 0, NULL, NULL, '2026-02-02T16:35:57.985Z', '2026-02-02T16:35:57.985Z');
INSERT INTO "UsoCamion" ("id", "jornadaId", "camionId", "horaInicio", "horaFin", "kmInicial", "kmFinal", "kmRecorridos", "descargasCount", "viajesCount", "litrosRepostados", "fotoKmInicial", "notas", "createdAt", "updatedAt") VALUES (11, 29, 2, '2026-02-03T10:41:10.678Z', NULL, 423768, NULL, NULL, 0, 0, 0, NULL, NULL, '2026-02-03T10:41:10.690Z', '2026-02-03T10:41:10.690Z');
INSERT INTO "UsoCamion" ("id", "jornadaId", "camionId", "horaInicio", "horaFin", "kmInicial", "kmFinal", "kmRecorridos", "descargasCount", "viajesCount", "litrosRepostados", "fotoKmInicial", "notas", "createdAt", "updatedAt") VALUES (12, 35, 10, '2026-02-04T14:38:05.342Z', '2026-02-04T15:04:26.477Z', 67329, 67330, 1, 0, 0, 0, NULL, NULL, '2026-02-04T14:38:05.440Z', '2026-02-04T15:04:26.488Z');
INSERT INTO "UsoCamion" ("id", "jornadaId", "camionId", "horaInicio", "horaFin", "kmInicial", "kmFinal", "kmRecorridos", "descargasCount", "viajesCount", "litrosRepostados", "fotoKmInicial", "notas", "createdAt", "updatedAt") VALUES (17, 42, 1, '2026-01-31T07:00:00.000Z', '2026-01-31T17:00:00.000Z', 0, 834, 834, 10, 2, 0, NULL, 'Manual Injection.', '2026-02-04T18:09:48.097Z', '2026-02-04T18:09:48.097Z');
INSERT INTO "UsoCamion" ("id", "jornadaId", "camionId", "horaInicio", "horaFin", "kmInicial", "kmFinal", "kmRecorridos", "descargasCount", "viajesCount", "litrosRepostados", "fotoKmInicial", "notas", "createdAt", "updatedAt") VALUES (18, 43, 1, '2026-01-31T07:00:00.000Z', '2026-01-31T17:00:00.000Z', 0, 4298, 4298, 227, 4, 0, NULL, 'Manual Injection', '2026-02-04T18:09:48.260Z', '2026-02-04T18:09:48.260Z');
INSERT INTO "UsoCamion" ("id", "jornadaId", "camionId", "horaInicio", "horaFin", "kmInicial", "kmFinal", "kmRecorridos", "descargasCount", "viajesCount", "litrosRepostados", "fotoKmInicial", "notas", "createdAt", "updatedAt") VALUES (19, 44, 1, '2026-01-31T07:00:00.000Z', '2026-01-31T17:00:00.000Z', 0, 5342, 5342, 192, 9, 0, NULL, 'Manual Injection', '2026-02-04T18:09:48.344Z', '2026-02-04T18:09:48.344Z');
INSERT INTO "UsoCamion" ("id", "jornadaId", "camionId", "horaInicio", "horaFin", "kmInicial", "kmFinal", "kmRecorridos", "descargasCount", "viajesCount", "litrosRepostados", "fotoKmInicial", "notas", "createdAt", "updatedAt") VALUES (20, 45, 1, '2026-01-31T07:00:00.000Z', '2026-01-31T17:00:00.000Z', 0, 5104, 5104, 221, 5, 0, NULL, 'Manual Injection', '2026-02-04T18:09:48.409Z', '2026-02-04T18:09:48.409Z');
INSERT INTO "Descarga" ("id", "hora", "litros", "tipoGasoil", "lugar", "usoCamionId") VALUES (49, '2026-02-01T10:34:51.986Z', 0, 'A', 'Descarga', 8);
INSERT INTO "Descarga" ("id", "hora", "litros", "tipoGasoil", "lugar", "usoCamionId") VALUES (50, '2026-02-01T10:34:52.019Z', 0, 'A', 'Descarga', 8);
INSERT INTO "Descarga" ("id", "hora", "litros", "tipoGasoil", "lugar", "usoCamionId") VALUES (51, '2026-02-01T10:34:52.042Z', 0, 'A', 'Descarga', 8);
INSERT INTO "Descarga" ("id", "hora", "litros", "tipoGasoil", "lugar", "usoCamionId") VALUES (52, '2026-02-01T10:34:52.059Z', 0, 'A', 'Descarga', 8);
INSERT INTO "Descarga" ("id", "hora", "litros", "tipoGasoil", "lugar", "usoCamionId") VALUES (53, '2026-02-01T10:34:52.075Z', 0, 'A', 'Descarga', 8);
INSERT INTO "Tarea" ("id", "tipo", "estado", "prioridad", "activoTipo", "matricula", "clienteNombre", "ubicacionTexto", "titulo", "descripcion", "contactoNombre", "contactoTelefono", "fechaInicio", "fechaCierre", "resumenCierre", "creadoPorId", "asignadoAId", "camionId", "descargas", "createdAt", "updatedAt") VALUES (1, 'AVERIA', 'CERRADA', 'MEDIA', 'DEPOSITO_CLIENTE', NULL, 'Monfort', 'Castellon', 'Bomba', 'no funcion, las paletas', 'Manolo Monfort', '964-34.11.00', '2026-01-30T09:46:42.880Z', '2026-02-04T15:08:42.401Z', 'prueba', 5, NULL, NULL, NULL, '2026-01-30T09:46:42.880Z', '2026-02-04T15:08:42.402Z');
INSERT INTO "Tarea" ("id", "tipo", "estado", "prioridad", "activoTipo", "matricula", "clienteNombre", "ubicacionTexto", "titulo", "descripcion", "contactoNombre", "contactoTelefono", "fechaInicio", "fechaCierre", "resumenCierre", "creadoPorId", "asignadoAId", "camionId", "descargas", "createdAt", "updatedAt") VALUES (2, 'AVERIA', 'CERRADA', 'MEDIA', 'CAMION', '1713-FHR', NULL, NULL, 'Ruedas', 'estan gastadas', '', '', '2026-01-30T09:47:49.699Z', '2026-02-04T15:09:00.024Z', 'prueba', 2, NULL, 1, NULL, '2026-01-30T09:47:49.699Z', '2026-02-04T15:09:00.026Z');
INSERT INTO "Tarea" ("id", "tipo", "estado", "prioridad", "activoTipo", "matricula", "clienteNombre", "ubicacionTexto", "titulo", "descripcion", "contactoNombre", "contactoTelefono", "fechaInicio", "fechaCierre", "resumenCierre", "creadoPorId", "asignadoAId", "camionId", "descargas", "createdAt", "updatedAt") VALUES (3, 'AVERIA', 'CERRADA', 'MEDIA', 'CAMION', '1713-FHR', NULL, NULL, 'Manguera rota', 'no funciona', '', '', '2026-01-30T09:48:57.564Z', '2026-01-30T09:50:16.387Z', 'se cambiaron las ruedas', 3, NULL, 1, NULL, '2026-01-30T09:48:57.564Z', '2026-01-30T09:50:16.387Z');
INSERT INTO "Tarea" ("id", "tipo", "estado", "prioridad", "activoTipo", "matricula", "clienteNombre", "ubicacionTexto", "titulo", "descripcion", "contactoNombre", "contactoTelefono", "fechaInicio", "fechaCierre", "resumenCierre", "creadoPorId", "asignadoAId", "camionId", "descargas", "createdAt", "updatedAt") VALUES (4, 'AVERIA', 'EN_CURSO', 'MEDIA', 'DEPOSITO_CLIENTE', NULL, 'MEHI SERVICIOS MECANICOS SL', 'CTRA. CASTELLON, 25 (12110 - ALCORA)', 'CONTADOR', 'El contador se lo cambiamos hace un año y funciona mal.', 'RAUL', '653998703', '2026-02-02T15:28:59.955Z', NULL, NULL, 7, NULL, NULL, NULL, '2026-02-02T15:28:59.955Z', '2026-02-02T15:40:24.357Z');
INSERT INTO "Tarea" ("id", "tipo", "estado", "prioridad", "activoTipo", "matricula", "clienteNombre", "ubicacionTexto", "titulo", "descripcion", "contactoNombre", "contactoTelefono", "fechaInicio", "fechaCierre", "resumenCierre", "creadoPorId", "asignadoAId", "camionId", "descargas", "createdAt", "updatedAt") VALUES (5, 'AVERIA', 'EN_CURSO', 'MEDIA', 'DEPOSITO_CLIENTE', NULL, 'AUTO-DES SL', 'AV 25 DE JUNIO, 24 (12539 - ALQUERIAS NIÑO PERDIDO)', 'QUEJA CLIENTE', 'Pascual nos dijo que avisásemos al cliente que iría de 08:30h-09h. Hoy le ha llamado antes de esa hora y al no cogerle el teléfono no ha ido. Ha llamado el cliente a las 09:30 que le habíamos dicho que de 08:30-09... Pascual ya ha hablado con él, le ha dicho que al mediodía le llamaría para quedar con él por la tarde y le ha dicho que no puede... Aún así ha llamado para quejarse...', '', '609684314', '2026-02-03T08:57:12.160Z', NULL, NULL, 7, NULL, NULL, NULL, '2026-02-03T08:57:12.160Z', '2026-02-03T11:37:59.468Z');
INSERT INTO "Tarea" ("id", "tipo", "estado", "prioridad", "activoTipo", "matricula", "clienteNombre", "ubicacionTexto", "titulo", "descripcion", "contactoNombre", "contactoTelefono", "fechaInicio", "fechaCierre", "resumenCierre", "creadoPorId", "asignadoAId", "camionId", "descargas", "createdAt", "updatedAt") VALUES (6, 'AVERIA', 'ABIERTA', 'MEDIA', 'DEPOSITO_CLIENTE', NULL, 'SEMAMCOIN, S.L.', 'PG SEPES C/ ARANDA 1 NAVE 19 (46500 - SAGUNTO)', 'CAMBIAR LAS MANGUERAS', 'CAMBIAR LAS MANGUERAS', '', '96-266.06.73', '2026-02-04T12:29:09.478Z', NULL, NULL, 7, NULL, NULL, NULL, '2026-02-04T12:29:09.478Z', '2026-02-04T12:29:09.478Z');
INSERT INTO "Tarea" ("id", "tipo", "estado", "prioridad", "activoTipo", "matricula", "clienteNombre", "ubicacionTexto", "titulo", "descripcion", "contactoNombre", "contactoTelefono", "fechaInicio", "fechaCierre", "resumenCierre", "creadoPorId", "asignadoAId", "camionId", "descargas", "createdAt", "updatedAt") VALUES (7, 'AVERIA', 'ABIERTA', 'MEDIA', 'OTRO', NULL, NULL, 'SEL', 'APLICACION NO FUNCIONA HASTA LAS 10:49H', 'APLICACION NO FUNCIONA HASTA LAS 10:49H', '', '', '2026-02-05T09:50:44.405Z', NULL, NULL, 7, NULL, NULL, NULL, '2026-02-05T09:50:44.405Z', '2026-02-05T09:50:44.405Z');
INSERT INTO "TareaHistorial" ("id", "tareaId", "autorId", "tipoAccion", "mensaje", "estadoNuevo", "createdAt") VALUES (1, 1, 5, 'CREACION', 'Tarea creada. Prioridad: MEDIA. ', NULL, '2026-01-30T09:46:42.890Z');
INSERT INTO "TareaHistorial" ("id", "tareaId", "autorId", "tipoAccion", "mensaje", "estadoNuevo", "createdAt") VALUES (2, 2, 2, 'CREACION', 'Tarea creada. Prioridad: MEDIA. KM: 2', NULL, '2026-01-30T09:47:49.716Z');
INSERT INTO "TareaHistorial" ("id", "tareaId", "autorId", "tipoAccion", "mensaje", "estadoNuevo", "createdAt") VALUES (3, 3, 3, 'CREACION', 'Tarea creada. Prioridad: MEDIA. KM: 3', NULL, '2026-01-30T09:48:57.574Z');
INSERT INTO "TareaHistorial" ("id", "tareaId", "autorId", "tipoAccion", "mensaje", "estadoNuevo", "createdAt") VALUES (4, 3, 4, 'CAMBIO_ESTADO', 'Estado: ABIERTA -> CERRADA. Resumen de cierre añadido', 'CERRADA', '2026-01-30T09:50:16.408Z');
INSERT INTO "TareaHistorial" ("id", "tareaId", "autorId", "tipoAccion", "mensaje", "estadoNuevo", "createdAt") VALUES (5, 2, 2, 'COMENTARIO', 'He vuelo a avisar a luis', NULL, '2026-01-30T10:10:15.655Z');
INSERT INTO "TareaHistorial" ("id", "tareaId", "autorId", "tipoAccion", "mensaje", "estadoNuevo", "createdAt") VALUES (6, 3, 4, 'COMENTARIO', 'no me sale de los huevos ir. no jdjdjdjme sale de los huevos ir. no va', NULL, '2026-01-30T10:47:24.284Z');
INSERT INTO "TareaHistorial" ("id", "tareaId", "autorId", "tipoAccion", "mensaje", "estadoNuevo", "createdAt") VALUES (7, 4, 7, 'CREACION', 'Tarea creada. Prioridad: MEDIA. ', NULL, '2026-02-02T15:28:59.974Z');
INSERT INTO "TareaHistorial" ("id", "tareaId", "autorId", "tipoAccion", "mensaje", "estadoNuevo", "createdAt") VALUES (8, 4, 1, 'CAMBIO_ESTADO', 'Estado: ABIERTA -> EN_CURSO', 'EN_CURSO', '2026-02-02T15:40:24.449Z');
INSERT INTO "TareaHistorial" ("id", "tareaId", "autorId", "tipoAccion", "mensaje", "estadoNuevo", "createdAt") VALUES (9, 4, 1, 'COMENTARIO', 'Hablo con el Cliente y me dice que el contador está descalibrado, que cobra a gente y se quejan. Le digo q esos contadores tienen un margen de entre un 5-10 %. Iremos esta semana.', NULL, '2026-02-02T15:41:38.908Z');
INSERT INTO "TareaHistorial" ("id", "tareaId", "autorId", "tipoAccion", "mensaje", "estadoNuevo", "createdAt") VALUES (10, 5, 7, 'CREACION', 'Tarea creada. Prioridad: MEDIA. ', NULL, '2026-02-03T08:57:12.176Z');
INSERT INTO "TareaHistorial" ("id", "tareaId", "autorId", "tipoAccion", "mensaje", "estadoNuevo", "createdAt") VALUES (11, 5, 1, 'CAMBIO_ESTADO', 'Estado: ABIERTA -> EN_CURSO', 'EN_CURSO', '2026-02-03T11:37:59.499Z');
INSERT INTO "TareaHistorial" ("id", "tareaId", "autorId", "tipoAccion", "mensaje", "estadoNuevo", "createdAt") VALUES (12, 6, 7, 'CREACION', 'Tarea creada. Prioridad: MEDIA. ', NULL, '2026-02-04T12:29:09.501Z');
INSERT INTO "TareaHistorial" ("id", "tareaId", "autorId", "tipoAccion", "mensaje", "estadoNuevo", "createdAt") VALUES (13, 1, 4, 'CAMBIO_ESTADO', 'Estado: ABIERTA -> CERRADA. Resumen de cierre añadido', 'CERRADA', '2026-02-04T15:08:42.419Z');
INSERT INTO "TareaHistorial" ("id", "tareaId", "autorId", "tipoAccion", "mensaje", "estadoNuevo", "createdAt") VALUES (14, 2, 4, 'CAMBIO_ESTADO', 'Estado: ABIERTA -> CERRADA. Resumen de cierre añadido', 'CERRADA', '2026-02-04T15:09:00.040Z');
INSERT INTO "TareaHistorial" ("id", "tareaId", "autorId", "tipoAccion", "mensaje", "estadoNuevo", "createdAt") VALUES (15, 7, 7, 'CREACION', 'Tarea creada. Prioridad: MEDIA. ', NULL, '2026-02-05T09:50:44.415Z');
INSERT INTO "MantenimientoRealizado" ("id", "fecha", "kmEnEseMomento", "tipo", "descripcion", "piezasCambiadas", "costo", "taller", "camionId", "tareaId", "createdAt", "updatedAt") VALUES (1, '2023-01-24T00:00:00.000Z', 565693, 'TALLER_EXTERNO', 'Procesado por IA desde factura: COMESA S.L 01-24 F2023.83T.pdf', 'EMPALME TERMORRETRACTIL ROJO, TRANSFORMADOR 24V/12V 15A', 203.76, 'COMESA S.L.', 6, NULL, '2026-01-30T16:18:03.717Z', '2026-01-30T16:18:03.717Z');
INSERT INTO "MantenimientoRealizado" ("id", "fecha", "kmEnEseMomento", "tipo", "descripcion", "piezasCambiadas", "costo", "taller", "camionId", "tareaId", "createdAt", "updatedAt") VALUES (2, '2023-01-31T00:00:00.000Z', 0, 'TALLER_EXTERNO', 'Procesado por IA desde factura: COMESA S.L 01-31 F2023.191T.pdf', 'LATA AGUA ANTICONGELANTE 50%', 42.36, 'COMESA S.L.', 2, NULL, '2026-01-30T16:18:11.225Z', '2026-01-30T16:18:11.225Z');
INSERT INTO "MantenimientoRealizado" ("id", "fecha", "kmEnEseMomento", "tipo", "descripcion", "piezasCambiadas", "costo", "taller", "camionId", "tareaId", "createdAt", "updatedAt") VALUES (3, '2023-01-31T00:00:00.000Z', 360259, 'TALLER_EXTERNO', 'Procesado por IA desde factura: COMESA S.L 01-31 F2023.213T.pdf', NULL, 14.83, 'COMESA S.L.', 3, NULL, '2026-01-30T16:18:17.866Z', '2026-01-30T16:18:17.866Z');
INSERT INTO "MantenimientoRealizado" ("id", "fecha", "kmEnEseMomento", "tipo", "descripcion", "piezasCambiadas", "costo", "taller", "camionId", "tareaId", "createdAt", "updatedAt") VALUES (4, '2024-02-09T00:00:00.000Z', 420182, 'TALLER_EXTERNO', 'Procesado por IA desde factura: COMESA S.L 02-09 F2024.243T.pdf', 'Anillo Obturador Radial Trasero (Retén Cigüeñal), Juntas varias, Junta Cárter Aceite, Tubo Relleno Aceite, Inserto Aceite Motor (Filtro), Aceite Motor SAE 5W30, Aceite para Engranajes 75W80, Anillos Junta, Anticongelante', 2400.64, 'COMESA S.L.', 2, NULL, '2026-01-30T16:18:26.961Z', '2026-01-30T16:18:26.961Z');
INSERT INTO "MantenimientoRealizado" ("id", "fecha", "kmEnEseMomento", "tipo", "descripcion", "piezasCambiadas", "costo", "taller", "camionId", "tareaId", "createdAt", "updatedAt") VALUES (5, '2023-02-28T00:00:00.000Z', 398573, 'TALLER_EXTERNO', 'Procesado por IA desde factura: COMESA S.L 02-28 F2023.319T.pdf', 'TUBO ENCHUFABLE, JUNTA CARTER ACEITE, JUNTA CARTER DISTRIBUCION, JUNTA TAPA DISTRIBUCION, ANILLO OBTURADOR DELANTERO, JUNTA BOMBA AGUA, JUNTA CAJA TERMOSTATO, TUBERIA FUGA ACEITE, IMPULSOR PRESION (SENSOR PRESION RAIL), ACEITE MOTOR SAE 5W30 EXCELLENCE', 2338.47, 'COMESA S.L.', 2, NULL, '2026-01-30T16:18:36.309Z', '2026-01-30T16:18:36.309Z');
INSERT INTO "MantenimientoRealizado" ("id", "fecha", "kmEnEseMomento", "tipo", "descripcion", "piezasCambiadas", "costo", "taller", "camionId", "tareaId", "createdAt", "updatedAt") VALUES (6, '2023-02-28T00:00:00.000Z', 399069, 'TALLER_EXTERNO', 'Procesado por IA desde factura: COMESA S.L 02-28 F2023.320T.pdf', 'EMISOR KITAS, EMISOR IMPULSOS, REVISION TACOGRAFO DIGITAL STONERIDGE', 333.22, 'COMESA S.L.', 2, NULL, '2026-01-30T16:18:43.430Z', '2026-01-30T16:18:43.430Z');
INSERT INTO "MantenimientoRealizado" ("id", "fecha", "kmEnEseMomento", "tipo", "descripcion", "piezasCambiadas", "costo", "taller", "camionId", "tareaId", "createdAt", "updatedAt") VALUES (7, '2023-05-23T00:00:00.000Z', 374536, 'TALLER_EXTERNO', 'Procesado por IA desde factura: COMESA S.L 05-23 F2023.1006T.pdf', 'TOBERA UREA, INYECTOR AD-BLUE, LAMPARA AMBAR 24V21WPIAM, LAMPARA 24V5WPI, LAMPARA 24V5WSIN', 476.91, 'COMESA S.L.', 3, NULL, '2026-01-30T16:19:03.716Z', '2026-01-30T16:19:03.716Z');
INSERT INTO "MantenimientoRealizado" ("id", "fecha", "kmEnEseMomento", "tipo", "descripcion", "piezasCambiadas", "costo", "taller", "camionId", "tareaId", "createdAt", "updatedAt") VALUES (8, '2023-05-23T00:00:00.000Z', 173547, 'TALLER_EXTERNO', 'Procesado por IA desde factura: COMESA S.L 05-23 F2023.1007T.pdf', 'PLASTICO CON CAPTADIOPTRICO', 57.18, 'COMESA S.L.', 7, NULL, '2026-01-30T16:19:10.988Z', '2026-01-30T16:19:10.988Z');
INSERT INTO "MantenimientoRealizado" ("id", "fecha", "kmEnEseMomento", "tipo", "descripcion", "piezasCambiadas", "costo", "taller", "camionId", "tareaId", "createdAt", "updatedAt") VALUES (9, '2023-05-31T00:00:00.000Z', 582284, 'TALLER_EXTERNO', 'Procesado por IA desde factura: COMESA S.L 05-31 F2023.1166T.pdf', 'MANECILLA PUERTA', 227.13, 'COMESA S.L.', 6, NULL, '2026-01-30T16:19:17.160Z', '2026-01-30T16:19:17.160Z');
INSERT INTO "MantenimientoRealizado" ("id", "fecha", "kmEnEseMomento", "tipo", "descripcion", "piezasCambiadas", "costo", "taller", "camionId", "tareaId", "createdAt", "updatedAt") VALUES (10, '2024-06-14T00:00:00.000Z', 436933, 'TALLER_EXTERNO', 'Procesado por IA desde factura: COMESA S.L 06-14 F2024.1422T.pdf', 'FORRO FRENO JUEGO JURID, LIMPIADOR FRENOS TUNAPMP115', 803.75, 'COMESA S.L.', 3, NULL, '2026-01-30T16:19:24.501Z', '2026-01-30T16:19:24.501Z');
INSERT INTO "MantenimientoRealizado" ("id", "fecha", "kmEnEseMomento", "tipo", "descripcion", "piezasCambiadas", "costo", "taller", "camionId", "tareaId", "createdAt", "updatedAt") VALUES (11, '2023-06-28T00:00:00.000Z', 0, 'TALLER_EXTERNO', 'Procesado por IA desde factura: COMESA S.L 06-28 F2023.1347T.pdf', 'TORNILLO AMARRE PINZA', 53.54, 'COMESA S.L.', 4, NULL, '2026-01-30T16:19:32.271Z', '2026-01-30T16:19:32.271Z');
INSERT INTO "MantenimientoRealizado" ("id", "fecha", "kmEnEseMomento", "tipo", "descripcion", "piezasCambiadas", "costo", "taller", "camionId", "tareaId", "createdAt", "updatedAt") VALUES (12, '2024-07-19T00:00:00.000Z', 682636, 'TALLER_EXTERNO', 'Procesado por IA desde factura: COMESA S.L 07-19 F2024.1758T.pdf', 'TAPA PERFIL RECTO ANTICICLISTA, PILOTO INTERMITENTE, LAMPARA 24V21/5W, EMPALME TERMORRETRACTIL AZUL, EMPALME TERMORRETRACTIL ROJO, BRIDA NYLON NEGRA', 228.46, 'COMESA S.L.', 6, NULL, '2026-01-30T16:19:36.354Z', '2026-01-30T16:19:36.354Z');
INSERT INTO "MantenimientoRealizado" ("id", "fecha", "kmEnEseMomento", "tipo", "descripcion", "piezasCambiadas", "costo", "taller", "camionId", "tareaId", "createdAt", "updatedAt") VALUES (13, '2024-11-08T00:00:00.000Z', 67170, 'TALLER_EXTERNO', 'Procesado por IA desde factura: COMESA S.L 11-08 F2024.2605T.pdf', 'REVISION TACOGRAFO DIGITAL SIEMENS', 199.65, 'COMESA S.L.', 5, NULL, '2026-01-30T16:20:01.659Z', '2026-01-30T16:20:01.659Z');
INSERT INTO "MantenimientoRealizado" ("id", "fecha", "kmEnEseMomento", "tipo", "descripcion", "piezasCambiadas", "costo", "taller", "camionId", "tareaId", "createdAt", "updatedAt") VALUES (14, '2023-11-10T00:00:00.000Z', 559453, 'TALLER_EXTERNO', 'Procesado por IA desde factura: COMESA S.L 11-10 F2023.2620T.pdf', 'FILTRO AIRE, LITROS UREA AD-BLUE', 608.57, 'COMESA S.L.', 6, NULL, '2026-01-30T16:20:08.418Z', '2026-01-30T16:20:08.418Z');
INSERT INTO "MantenimientoRealizado" ("id", "fecha", "kmEnEseMomento", "tipo", "descripcion", "piezasCambiadas", "costo", "taller", "camionId", "tareaId", "createdAt", "updatedAt") VALUES (15, '2023-11-17T00:00:00.000Z', 175891, 'TALLER_EXTERNO', 'Procesado por IA desde factura: COMESA S.L 11-17 F2023.2693T.pdf', 'Revisión de tacógrafo digital', 199.65, 'COMESA S.L.', 7, NULL, '2026-01-30T16:20:15.034Z', '2026-01-30T16:20:15.034Z');
INSERT INTO "MantenimientoRealizado" ("id", "fecha", "kmEnEseMomento", "tipo", "descripcion", "piezasCambiadas", "costo", "taller", "camionId", "tareaId", "createdAt", "updatedAt") VALUES (16, '2024-11-22T00:00:00.000Z', 181650, 'TALLER_EXTERNO', 'Procesado por IA desde factura: COMESA S.L 11-22 F2024.2707T.pdf', 'FUSIBLE MINI 10 AMP, LAMPARA 12V5W PH12821, TUBO CORRUGADO 10X13', 532.62, 'COMESA S.L.', 7, NULL, '2026-01-30T16:20:21.336Z', '2026-01-30T16:20:21.336Z');
INSERT INTO "MantenimientoRealizado" ("id", "fecha", "kmEnEseMomento", "tipo", "descripcion", "piezasCambiadas", "costo", "taller", "camionId", "tareaId", "createdAt", "updatedAt") VALUES (17, '2023-11-24T00:00:00.000Z', 612008, 'TALLER_EXTERNO', 'Procesado por IA desde factura: COMESA S.L 11-24 F2023.2756T.pdf', 'PASTILLAS FRENO, KIT REPARACION GUARDAPOLVOS, KIT REPARACION GUIAS Y JUNTAS, CONECTOR R16 T12, DERIVACION T RH16, TORNILLO REFORZADO, TUERCA TENSILOCK M12, ARANDELA ANCHA, MT. TEQUELAN, BRIDA NYLON NEGRA', 1140.13, 'COMESA S.L.', 6, NULL, '2026-01-30T16:20:30.997Z', '2026-01-30T16:20:30.997Z');
INSERT INTO "MantenimientoRealizado" ("id", "fecha", "kmEnEseMomento", "tipo", "descripcion", "piezasCambiadas", "costo", "taller", "camionId", "tareaId", "createdAt", "updatedAt") VALUES (18, '2023-11-30T00:00:00.000Z', 420182, 'TALLER_EXTERNO', 'Procesado por IA desde factura: COMESA S.L 11-30 F2023.402A.pdf', 'ESPEJO ANGULAR DERECHO', 57.67, 'COMESA S.L.', 2, NULL, '2026-01-30T16:20:38.685Z', '2026-01-30T16:20:38.685Z');
INSERT INTO "MantenimientoRealizado" ("id", "fecha", "kmEnEseMomento", "tipo", "descripcion", "piezasCambiadas", "costo", "taller", "camionId", "tareaId", "createdAt", "updatedAt") VALUES (19, '2024-03-28T00:00:00.000Z', 423768, 'TALLER_EXTERNO', 'Procesado por IA desde factura: COMESA S.L 03-28 F2024.694T.pdf', 'DEPOSITO EXPANSION, LATA AGUA ANTICONGELANTE 50%', 251.14, 'COMESA S.L.', 2, NULL, '2026-01-30T16:40:03.650Z', '2026-01-30T16:40:03.650Z');
INSERT INTO "MantenimientoRealizado" ("id", "fecha", "kmEnEseMomento", "tipo", "descripcion", "piezasCambiadas", "costo", "taller", "camionId", "tareaId", "createdAt", "updatedAt") VALUES (20, '2023-04-11T00:00:00.000Z', 237231, 'TALLER_EXTERNO', 'Procesado por IA desde factura: COMESA S.L 04-11 F2023.738T.pdf', 'REDUCCION H22150XM16150, CONECTOR M22X1.5 H16X1.5 ROY6237875, ARANDELA ALUMINIO CA22X29, ARANDELA ALUMINIO CA16X22', 75.94, 'COMESA S.L.', 3, NULL, '2026-01-30T16:40:07.827Z', '2026-01-30T16:40:07.827Z');
INSERT INTO "MantenimientoRealizado" ("id", "fecha", "kmEnEseMomento", "tipo", "descripcion", "piezasCambiadas", "costo", "taller", "camionId", "tareaId", "createdAt", "updatedAt") VALUES (21, '2023-05-11T00:00:00.000Z', 374212, 'TALLER_EXTERNO', 'Procesado por IA desde factura: COMESA S.L 05-11 F2023915T.pdf', NULL, 44.49, 'COMESA S.L.', 3, NULL, '2026-01-30T16:40:14.476Z', '2026-01-30T16:40:14.476Z');
INSERT INTO "MantenimientoRealizado" ("id", "fecha", "kmEnEseMomento", "tipo", "descripcion", "piezasCambiadas", "costo", "taller", "camionId", "tareaId", "createdAt", "updatedAt") VALUES (44, '2023-04-03T00:00:00.000Z', 181650, 'TALLER_EXTERNO', 'Procesado por IA desde factura: CISTERVAL S.L 04-03 F1913.pdf', 'PREPARADO PRUEBA DE PRESION HIDRAULICA ADR', 242, 'CISTERVAL, S.L.L.', 7, NULL, '2026-02-02T12:00:10.277Z', '2026-02-02T12:00:10.277Z');
INSERT INTO "MantenimientoRealizado" ("id", "fecha", "kmEnEseMomento", "tipo", "descripcion", "piezasCambiadas", "costo", "taller", "camionId", "tareaId", "createdAt", "updatedAt") VALUES (45, '2024-05-21T00:00:00.000Z', 0, 'TALLER_EXTERNO', 'Procesado por IA desde factura: COHERMA SEMIREMOLQUES S.L 07-29 F24FV01442.pdf', 'PASTILLAS KIT FRENO ELSA II (EJE)', 534.82, 'TISVOL', 4, NULL, '2026-02-02T12:00:24.500Z', '2026-02-02T12:00:24.500Z');
INSERT INTO "MantenimientoRealizado" ("id", "fecha", "kmEnEseMomento", "tipo", "descripcion", "piezasCambiadas", "costo", "taller", "camionId", "tareaId", "createdAt", "updatedAt") VALUES (46, '2024-11-11T00:00:00.000Z', 0, 'TALLER_EXTERNO', 'Procesado por IA desde factura: COHERMA SEMIREMOLQUES S.L 12-19 F24FV02446.pdf', 'PASADOR DE PRESION 5MM, PASADOR DE PRESION 6MM, TORNILLO M6*25 933 6,8/100 DACROMET, TUERCA AUTOBLOCA M6 DIN 985, MANETA ACCIONAMIENTO', 133.85, 'SUMINISTROS ENERG. DE LEVANTE, S.A.', 1, NULL, '2026-02-02T12:00:40.074Z', '2026-02-02T12:00:40.074Z');
INSERT INTO "MantenimientoRealizado" ("id", "fecha", "kmEnEseMomento", "tipo", "descripcion", "piezasCambiadas", "costo", "taller", "camionId", "tareaId", "createdAt", "updatedAt") VALUES (47, '2024-10-31T00:00:00.000Z', 678359, 'TALLER_EXTERNO', 'Procesado por IA desde factura: EUROMASTER AUT Y SER. S.A  10-31 FFV24-221186.pdf', '315/70 R22.5 BD177 156/150L BLACKLION BLACKLION, ECOVALOR SIGNUS (RD 1619/2005) - N4, ALARGADERA METALICA RIGIDA CODO CURVA 45 VALVULA DISPRONE, 4850 ALARGADERA NYLON RIGIDA 170mm SMR VALVULA DISPRONE', 1996.28, 'SUMINISTROS ENERGETICOS LEVANTE, SA', 1, NULL, '2026-02-02T12:02:13.482Z', '2026-02-02T12:02:13.482Z');
INSERT INTO "MantenimientoRealizado" ("id", "fecha", "kmEnEseMomento", "tipo", "descripcion", "piezasCambiadas", "costo", "taller", "camionId", "tareaId", "createdAt", "updatedAt") VALUES (48, '2024-08-14T00:00:00.000Z', 628088, 'TALLER_EXTERNO', 'Procesado por IA desde factura: LLIRIABEN S.L 08-31 F21126019.pdf', 'JGO JUNTAS+RETEN, RODAMIENTO, CIERRE MECANICO CC.8-28', 1652.12, 'Lliriaben, S.L.', 6, NULL, '2026-02-02T12:02:20.948Z', '2026-02-02T12:02:20.948Z');
INSERT INTO "MantenimientoRealizado" ("id", "fecha", "kmEnEseMomento", "tipo", "descripcion", "piezasCambiadas", "costo", "taller", "camionId", "tareaId", "createdAt", "updatedAt") VALUES (49, '2024-01-31T00:00:00.000Z', 652853, 'TALLER_EXTERNO', 'Procesado por IA desde factura: NEUMATICOS CIVERA S.L 01-31 FFC24-75.pdf', 'CUB.315/80 R 22.5 VI-660 DIRECCION OVATION OTRAS MARCAS', 1082.97, 'SUMINISTROS ENERGETICOS DEL LEVANTE', 1, NULL, '2026-02-02T12:02:28.350Z', '2026-02-02T12:02:28.350Z');
INSERT INTO "MantenimientoRealizado" ("id", "fecha", "kmEnEseMomento", "tipo", "descripcion", "piezasCambiadas", "costo", "taller", "camionId", "tareaId", "createdAt", "updatedAt") VALUES (50, '2024-03-30T00:00:00.000Z', 422890, 'TALLER_EXTERNO', 'Procesado por IA desde factura: NEUMATICOS CIVERA S.L 03-30 FFC24-362.pdf', 'DISCO', 54.45, 'SUMINISTROS ENERGETICOS DEL LEVANTE', 4, NULL, '2026-02-02T12:02:35.826Z', '2026-02-02T12:02:35.826Z');
INSERT INTO "MantenimientoRealizado" ("id", "fecha", "kmEnEseMomento", "tipo", "descripcion", "piezasCambiadas", "costo", "taller", "camionId", "tareaId", "createdAt", "updatedAt") VALUES (51, '2024-04-30T00:00:00.000Z', 422890, 'TALLER_EXTERNO', 'Procesado por IA desde factura: NEUMATICOS CIVERA S.L 04-30 FFC24-487.pdf', 'DISCO CAMION', 92.57, 'SUMINISTROS ENERGETICOS DEL LEVANTE', 4, NULL, '2026-02-02T12:02:43.099Z', '2026-02-02T12:02:43.099Z');
INSERT INTO "MantenimientoRealizado" ("id", "fecha", "kmEnEseMomento", "tipo", "descripcion", "piezasCambiadas", "costo", "taller", "camionId", "tareaId", "createdAt", "updatedAt") VALUES (52, '2024-05-15T00:00:00.000Z', 433173, 'TALLER_EXTERNO', 'Procesado por IA desde factura: NEUMATICOS CIVERA S.L 05-15 FFC24-541.pdf', 'CUB.425/65 R 22.5 LLA28', 917.81, 'SUMINISTROS ENERGETICOS DEL LEVANTE', 4, NULL, '2026-02-02T12:02:50.478Z', '2026-02-02T12:02:50.478Z');
INSERT INTO "MantenimientoRealizado" ("id", "fecha", "kmEnEseMomento", "tipo", "descripcion", "piezasCambiadas", "costo", "taller", "camionId", "tareaId", "createdAt", "updatedAt") VALUES (53, '2024-06-20T00:00:00.000Z', 437300, 'TALLER_EXTERNO', 'Procesado por IA desde factura: NEUMATICOS CIVERA S.L 06-20 FFC24-693.pdf', 'CUB.425/65 R 22.5 LLA28', 1063.01, 'SUMINISTROS ENERGETICOS DEL LEVANTE', 3, NULL, '2026-02-02T12:02:57.828Z', '2026-02-02T12:02:57.828Z');
INSERT INTO "MantenimientoRealizado" ("id", "fecha", "kmEnEseMomento", "tipo", "descripcion", "piezasCambiadas", "costo", "taller", "camionId", "tareaId", "createdAt", "updatedAt") VALUES (54, '2024-07-20T00:00:00.000Z', 682636, 'TALLER_EXTERNO', 'Procesado por IA desde factura: NEUMATICOS CIVERA S.L 07-20 FFC24-830.pdf', '315/80 R 22.5, TORNILLO, LIMPIA AQUA CAMION', 980.68, 'SUMINISTROS ENERGETICOS DEL LEVANTE', 6, NULL, '2026-02-02T12:03:05.174Z', '2026-02-02T12:03:05.174Z');
INSERT INTO "MantenimientoRealizado" ("id", "fecha", "kmEnEseMomento", "tipo", "descripcion", "piezasCambiadas", "costo", "taller", "camionId", "tareaId", "createdAt", "updatedAt") VALUES (55, '2024-09-15T00:00:00.000Z', 437300, 'TALLER_EXTERNO', 'Procesado por IA desde factura: NEUMATICOS CIVERA S.L 09-15 FFC24-1.088.pdf', 'DISCO CAMION, CUB.CAMION', 181.5, 'SUMINISTROS ENERGETICOS DEL LEVANTE', 3, NULL, '2026-02-02T12:03:12.412Z', '2026-02-02T12:03:12.412Z');
INSERT INTO "MantenimientoRealizado" ("id", "fecha", "kmEnEseMomento", "tipo", "descripcion", "piezasCambiadas", "costo", "taller", "camionId", "tareaId", "createdAt", "updatedAt") VALUES (56, '2024-11-15T00:00:00.000Z', 11569, 'TALLER_EXTERNO', 'Procesado por IA desde factura: NEUMATICOS CIVERA S.L 11-15 FFC24-1334.pdf', 'CUB. 245/70R17.5 REGIOFORCE 136/134M 3PS FULDA', 1482.37, 'SUMINISTROS ENERGETICOS DEL LEVANTE', 2, NULL, '2026-02-02T12:03:19.877Z', '2026-02-02T12:03:19.877Z');
INSERT INTO "MantenimientoRealizado" ("id", "fecha", "kmEnEseMomento", "tipo", "descripcion", "piezasCambiadas", "costo", "taller", "camionId", "tareaId", "createdAt", "updatedAt") VALUES (57, '2024-11-30T00:00:00.000Z', 1, 'TALLER_EXTERNO', 'Procesado por IA desde factura: NEUMATICOS CIVERA S.L 11-30 FFV24-240.467.pdf', '425/65 R22.5 CWT10E TL 165K 20PR CROSSWIND CROSSWIND, ECOVALOR SIGNUS (RD 1619/2005) - N4', 1496.1, 'SUMINISTROS ENERGETICOS LEVANTE, SA', 4, NULL, '2026-02-02T12:03:27.058Z', '2026-02-02T12:03:27.058Z');
INSERT INTO "MantenimientoRealizado" ("id", "fecha", "kmEnEseMomento", "tipo", "descripcion", "piezasCambiadas", "costo", "taller", "camionId", "tareaId", "createdAt", "updatedAt") VALUES (58, '2024-07-29T00:00:00.000Z', 628088, 'TALLER_EXTERNO', 'Procesado por IA desde factura: TALLERES CASTILLOS FRASES S.L 07-29 F2240432.PDF', 'PILA DE RESPALDO 1381', 151.25, 'SUMINISTROS ENERGETICOS DE LEVANTE SA', 6, NULL, '2026-02-02T12:03:41.150Z', '2026-02-02T12:03:41.150Z');
INSERT INTO "MantenimientoRealizado" ("id", "fecha", "kmEnEseMomento", "tipo", "descripcion", "piezasCambiadas", "costo", "taller", "camionId", "tareaId", "createdAt", "updatedAt") VALUES (59, '2023-01-15T00:00:00.000Z', 643000, 'TALLER_EXTERNO', 'Procesado por IA desde factura: TALLERES GALAIX S.L 01-15 F23100216.PDF', 'CARTUCHO DE FILTRO, CONECTOR MACHO, CONECTOR HEMBRA, TERMINAL, FUSIBLE ENCHUFE, VALVULA RECICLADA', 1294.57, 'SUMIT.ENERGETICOS DE LEVANTE,S', 1, NULL, '2026-02-02T12:03:48.392Z', '2026-02-02T12:03:48.392Z');
INSERT INTO "MantenimientoRealizado" ("id", "fecha", "kmEnEseMomento", "tipo", "descripcion", "piezasCambiadas", "costo", "taller", "camionId", "tareaId", "createdAt", "updatedAt") VALUES (60, '2022-09-30T00:00:00.000Z', 622125, 'TALLER_EXTERNO', 'Procesado por IA desde factura: TALLERES GALAIX S.L 06-13 F22004751.pdf', 'MANGUITO 3X8, SENSOR PRESION', 498.1, 'SUMIT.ENERGETICOS DE LEVANTE,S', 1, NULL, '2026-02-02T12:03:55.706Z', '2026-02-02T12:03:55.706Z');
INSERT INTO "MantenimientoRealizado" ("id", "fecha", "kmEnEseMomento", "tipo", "descripcion", "piezasCambiadas", "costo", "taller", "camionId", "tareaId", "createdAt", "updatedAt") VALUES (61, '2024-09-25T00:00:00.000Z', 678359, 'TALLER_EXTERNO', 'Procesado por IA desde factura: CISTERVAL S.L 09-25 F2268.pdf', 'PREPARDO PRUEBA DE PRESION HIDRAULICA ADR', 302.5, 'CISTERVAL, S.L.L.', 1, NULL, '2026-02-02T12:14:19.083Z', '2026-02-02T12:14:19.083Z');
INSERT INTO "MantenimientoRealizado" ("id", "fecha", "kmEnEseMomento", "tipo", "descripcion", "piezasCambiadas", "costo", "taller", "camionId", "tareaId", "createdAt", "updatedAt") VALUES (62, '2024-07-29T00:00:00.000Z', 433173, 'TALLER_EXTERNO', 'Procesado por IA desde factura: COHERMA.pdf', 'PASTILLAS, KIT FRENO ElSA 11', 534.82, 'COHERMAReparación de Semirremolques', 4, NULL, '2026-02-02T12:14:34.052Z', '2026-02-02T12:14:34.052Z');
INSERT INTO "MantenimientoRealizado" ("id", "fecha", "kmEnEseMomento", "tipo", "descripcion", "piezasCambiadas", "costo", "taller", "camionId", "tareaId", "createdAt", "updatedAt") VALUES (63, '2023-11-20T00:00:00.000Z', 4300048, 'TALLER_EXTERNO', 'Procesado por IA desde factura: COMESA.pdf', 'TRANSFORMADOR 24V/12V 15A', 203.76, 'COMESA S.L.', 6, NULL, '2026-02-02T12:14:41.210Z', '2026-02-02T12:14:41.210Z');
INSERT INTO "MantenimientoRealizado" ("id", "fecha", "kmEnEseMomento", "tipo", "descripcion", "piezasCambiadas", "costo", "taller", "camionId", "tareaId", "createdAt", "updatedAt") VALUES (64, '2029-08-15T00:00:00.000Z', 394816, 'TALLER_EXTERNO', 'Procesado por IA desde factura: TURBINSA000.pdf', 'pastillas freno delanteras, juego pastillas freno', 249.14, 'TURBINSA, S. A. L.', 2, NULL, '2026-02-02T12:15:44.250Z', '2026-02-02T12:15:44.250Z');
INSERT INTO "MantenimientoRealizado" ("id", "fecha", "kmEnEseMomento", "tipo", "descripcion", "piezasCambiadas", "costo", "taller", "camionId", "tareaId", "createdAt", "updatedAt") VALUES (65, '2024-10-17T00:00:00.000Z', 678359, 'TALLER_EXTERNO', 'Procesado por IA desde factura: COHERMA SEMIREMOLQUES S.L 12-17 24FV02379.pdf', 'CAJON HERRAMIENTAS POLIESTER 600*450*450, DISCO DE CORTE 115*1.2*22, TUBO ACERO 50mm, CHAPA ALUMINIO 4MM, TORNILLO M8*40 603 DACROMET, TORNILLO M8*40 933 5,6/125 DACROMET, TAPON DE ALETA (320 GL60), ARANDELA INOX M8 DIN 125 A2, TUERCA AUTOBLOCA M8 DIN 985, GUARDABARROS 2E/R,DOBLE, FALDILLA ALETA RUEDA DOBLE', 1107.22, 'TISVOL', 1, NULL, '2026-02-02T12:22:14.199Z', '2026-02-02T12:22:14.199Z');
INSERT INTO "MantenimientoRealizado" ("id", "fecha", "kmEnEseMomento", "tipo", "descripcion", "piezasCambiadas", "costo", "taller", "camionId", "tareaId", "createdAt", "updatedAt") VALUES (66, '2024-06-16T00:00:00.000Z', 317000, 'TALLER_EXTERNO', 'Procesado por IA desde factura: EUROMASTER AUT Y SER. S.A  06-16 FFV24-110.556.pdf', NULL, 32.75, 'SUMINISTROS ENERGETICOS LEVANTE, SA', 1, NULL, '2026-02-02T12:22:21.176Z', '2026-02-02T12:22:21.176Z');
INSERT INTO "MantenimientoRealizado" ("id", "fecha", "kmEnEseMomento", "tipo", "descripcion", "piezasCambiadas", "costo", "taller", "camionId", "tareaId", "createdAt", "updatedAt") VALUES (67, '2024-09-16T00:00:00.000Z', 66400, 'TALLER_EXTERNO', 'Procesado por IA desde factura: EUROMASTER AUT Y SER. S.A  09-16 FFV24-182.185.pdf', 'PARCHES DISPRONE DE TIPO SETA PRP-10 (CMO) (1un)', 52.7, 'SUMINISTROS ENERGETICOS LEVANTE, SA', 5, NULL, '2026-02-02T12:22:28.382Z', '2026-02-02T12:22:28.382Z');
INSERT INTO "MantenimientoRealizado" ("id", "fecha", "kmEnEseMomento", "tipo", "descripcion", "piezasCambiadas", "costo", "taller", "camionId", "tareaId", "createdAt", "updatedAt") VALUES (68, '2024-11-15T00:00:00.000Z', 11569, 'TALLER_EXTERNO', 'Procesado por IA desde factura: NEUMATICOS CIVERA.pdf', 'CUB. 245/70R17.5 REGIOFORCE 136/134M', 1482.37, 'NEUMÁTICOS CIVER.A', 2, NULL, '2026-02-02T12:22:35.849Z', '2026-02-02T12:22:35.849Z');
INSERT INTO "MantenimientoRealizado" ("id", "fecha", "kmEnEseMomento", "tipo", "descripcion", "piezasCambiadas", "costo", "taller", "camionId", "tareaId", "createdAt", "updatedAt") VALUES (69, '2023-01-15T00:00:00.000Z', 43, 'TALLER_EXTERNO', 'Procesado por IA desde factura: TALLERES GALAIX.pdf', 'CARTUCHO DE FILTRO D .501047785, CONECTOR MACHO 2 VIAS T, CONECTOR HEMBRA 2 VIAS T, TERMINAL, FUSIBLE ENCHUFE lSAM, VALVULA RECICLADA', 1294.57, 'TALLERES GALAIX, S.L.', 1, NULL, '2026-02-02T12:22:43.159Z', '2026-02-02T12:22:43.159Z');
INSERT INTO "MantenimientoRealizado" ("id", "fecha", "kmEnEseMomento", "tipo", "descripcion", "piezasCambiadas", "costo", "taller", "camionId", "tareaId", "createdAt", "updatedAt") VALUES (70, '2023-01-15T00:00:00.000Z', 394816, 'TALLER_EXTERNO', 'Procesado por IA desde factura: TURBINSA S.A.L 01-15 F2320.pdf', 'pastillas freno delanteras, juego pastillas freno', 249.14, 'TURBINSA, S. A. L.', 2, NULL, '2026-02-02T12:22:50.393Z', '2026-02-02T12:22:50.393Z');
INSERT INTO "MantenimientoRealizado" ("id", "fecha", "kmEnEseMomento", "tipo", "descripcion", "piezasCambiadas", "costo", "taller", "camionId", "tareaId", "createdAt", "updatedAt") VALUES (71, '2023-04-30T00:00:00.000Z', 678359, 'TALLER_EXTERNO', 'Procesado por IA desde factura: TURBINSA S.A.L 04-30 f23324.pdf', 'Filtro gasoil, Captador, Valvula presion, Aforador, Junta, Anillo torico, Bomba alimentacion', 1602.81, 'TURBINSA, S. A. L.', 1, NULL, '2026-02-02T12:23:04.757Z', '2026-02-02T12:23:04.757Z');
INSERT INTO "MantenimientoRealizado" ("id", "fecha", "kmEnEseMomento", "tipo", "descripcion", "piezasCambiadas", "costo", "taller", "camionId", "tareaId", "createdAt", "updatedAt") VALUES (72, '2023-09-25T00:00:00.000Z', 67329, 'TALLER_EXTERNO', 'Procesado por IA desde factura: AUTOCAS.pdf', 'LIQUIDO LAVACRISTALES, LIQUIDO DE FRENOS, ACEITE PARA MOTORES, TORNILLO DE CIERRE, J.PIEZ.ELEM.FILTRO ACEITE, FILTRO POLVO FINO CARBON', 505.99, 'Autocas, S.A.U.', 10, NULL, '2026-02-02T12:29:09.258Z', '2026-02-02T12:29:09.258Z');
INSERT INTO "MantenimientoRealizado" ("id", "fecha", "kmEnEseMomento", "tipo", "descripcion", "piezasCambiadas", "costo", "taller", "camionId", "tareaId", "createdAt", "updatedAt") VALUES (116, '2023-12-22T00:00:00.000Z', 409125, 'TALLER_EXTERNO', 'Procesado por IA desde factura: COMESA S.L 12-22 F2023.2981T.pdf', 'SENSOR NOX ANTERIOR', 1481.39, 'COMESA S.L.', 3, NULL, '2026-02-02T12:41:04.438Z', '2026-02-02T12:41:04.438Z');
INSERT INTO "MantenimientoRealizado" ("id", "fecha", "kmEnEseMomento", "tipo", "descripcion", "piezasCambiadas", "costo", "taller", "camionId", "tareaId", "createdAt", "updatedAt") VALUES (136, '2024-12-30T00:00:00.000Z', 470230, 'TALLER_EXTERNO', 'Procesado por IA desde factura: COMESA S.L 12-30 F2024.3007T.pdf', 'FILTRO COMBUSTIBLE', 196.38, 'COMESA S.L.', 3, NULL, '2026-02-02T12:41:33.583Z', '2026-02-02T12:41:33.583Z');
INSERT INTO "MantenimientoRealizado" ("id", "fecha", "kmEnEseMomento", "tipo", "descripcion", "piezasCambiadas", "costo", "taller", "camionId", "tareaId", "createdAt", "updatedAt") VALUES (228, '2023-10-30T00:00:00.000Z', 172892, 'TALLER_EXTERNO', 'Procesado por IA desde factura: TURBINSA S.A.L 10-30 F23811.pdf', 'kit distribución, inyector, válvula, piloto, árbol de levas, juego de juntas, juego tornillos culata, válvula admisión, válvula escape, taqués', 4827.11, 'SEL S.A', 7, NULL, '2026-02-02T12:55:27.366Z', '2026-02-02T12:55:27.366Z');
INSERT INTO "MantenimientoRealizado" ("id", "fecha", "kmEnEseMomento", "tipo", "descripcion", "piezasCambiadas", "costo", "taller", "camionId", "tareaId", "createdAt", "updatedAt") VALUES (292, '2023-05-15T00:00:00.000Z', 372331, 'TALLER_EXTERNO', 'Procesado por IA desde factura: COMESA S.L 05-15 F2023930T.pdf', NULL, 113.17, 'COMESA S.L.', 3, NULL, '2026-02-02T12:59:39.789Z', '2026-02-02T12:59:39.789Z');
INSERT INTO "MantenimientoRealizado" ("id", "fecha", "kmEnEseMomento", "tipo", "descripcion", "piezasCambiadas", "costo", "taller", "camionId", "tareaId", "createdAt", "updatedAt") VALUES (344, '2023-08-09T00:00:00.000Z', 433173, 'TALLER_EXTERNO', 'Procesado por IA desde factura: COMESA S.L 08-09 F2023.1705T.pdf', 'CAMARA FRENO DISCO T16', 115.03, 'COMESA S.L.', 4, NULL, '2026-02-02T13:00:59.646Z', '2026-02-02T13:00:59.646Z');
INSERT INTO "MantenimientoRealizado" ("id", "fecha", "kmEnEseMomento", "tipo", "descripcion", "piezasCambiadas", "costo", "taller", "camionId", "tareaId", "createdAt", "updatedAt") VALUES (371, '2023-07-15T00:00:00.000Z', 4300048, 'TALLER_EXTERNO', 'Procesado por IA desde factura: TURBINSA S.A.L 07-15 F23524.pdf', 'Tubería gasoil, Piloto galibo trasero', 116.86, 'SEL S.A', 6, NULL, '2026-02-02T13:01:26.016Z', '2026-02-02T13:01:26.016Z');
INSERT INTO "MantenimientoRealizado" ("id", "fecha", "kmEnEseMomento", "tipo", "descripcion", "piezasCambiadas", "costo", "taller", "camionId", "tareaId", "createdAt", "updatedAt") VALUES (375, '2024-08-15T00:00:00.000Z', 447707, 'TALLER_EXTERNO', 'Procesado por IA desde factura: COMESA S.L 08-15 F2024.1019T.pdf', 'TACOGRAFO DIGITAL SIEMENS, CAJA PAPEL DTCO K90030300', 209.57, 'COMESA S.L.', 3, NULL, '2026-02-02T13:01:30.627Z', '2026-02-02T13:01:30.627Z');
INSERT INTO "MantenimientoRealizado" ("id", "fecha", "kmEnEseMomento", "tipo", "descripcion", "piezasCambiadas", "costo", "taller", "camionId", "tareaId", "createdAt", "updatedAt") VALUES (380, '2023-07-15T00:00:00.000Z', 678359, 'TALLER_EXTERNO', 'Procesado por IA desde factura: TURBINSA S.A.L 07-15 F23542.pdf', 'Válvula cuadruple', 590.48, 'SEL S.A', 1, NULL, '2026-02-02T13:01:33.123Z', '2026-02-02T13:01:33.123Z');
INSERT INTO "MantenimientoRealizado" ("id", "fecha", "kmEnEseMomento", "tipo", "descripcion", "piezasCambiadas", "costo", "taller", "camionId", "tareaId", "createdAt", "updatedAt") VALUES (384, '2023-08-30T00:00:00.000Z', 632006, 'TALLER_EXTERNO', 'Procesado por IA desde factura: COMESA S.L 08-30 F2023.1990T.pdf', 'CASQUILLO ELECTRICO, LAMPARA 24V21WPI, piloto intermitente', 134.35, 'COMESA S.L.', 1, NULL, '2026-02-02T13:01:37.638Z', '2026-02-02T13:01:37.638Z');
INSERT INTO "MantenimientoRealizado" ("id", "fecha", "kmEnEseMomento", "tipo", "descripcion", "piezasCambiadas", "costo", "taller", "camionId", "tareaId", "createdAt", "updatedAt") VALUES (389, '2023-08-15T00:00:00.000Z', 678359, 'TALLER_EXTERNO', 'Procesado por IA desde factura: TURBINSA S.A.L 08-15 F23602.pdf', 'Condensador aire, Depósito agua limpia, Intermitente derecho, Intermitente izquierdo, Faro derecho, Faro izquierdo, Matricula, Lámpara h1, Pintura', 1694.02, 'SEL S.A', 1, NULL, '2026-02-02T13:01:40.642Z', '2026-02-02T13:01:40.642Z');
INSERT INTO "MantenimientoRealizado" ("id", "fecha", "kmEnEseMomento", "tipo", "descripcion", "piezasCambiadas", "costo", "taller", "camionId", "tareaId", "createdAt", "updatedAt") VALUES (395, '2024-10-30T00:00:00.000Z', 433173, 'TALLER_EXTERNO', 'Procesado por IA desde factura: COMESA S.L 10-30 F2024.25TTT.pdf', 'ACTUADOR FRENO DISCO 16/24, ACTUADOR FRENO DISCO 16/24', 388.1, 'COMESA S.L.', 4, NULL, '2026-02-02T13:01:45.022Z', '2026-02-02T13:01:45.022Z');
INSERT INTO "MantenimientoRealizado" ("id", "fecha", "kmEnEseMomento", "tipo", "descripcion", "piezasCambiadas", "costo", "taller", "camionId", "tareaId", "createdAt", "updatedAt") VALUES (399, '2023-11-15T00:00:00.000Z', 645399, 'TALLER_EXTERNO', 'Procesado por IA desde factura: TURBINSA S.A.L 11-15 f23861.pdf', 'casquillos de barra estabilizadora trasera, buje goma barra estabilizadora, tornillos, arandelas, tuercas, casquillo barra, Catadióptico', 339.77, 'SEL S.A', 1, NULL, '2026-02-02T13:01:48.116Z', '2026-02-02T13:01:48.116Z');
INSERT INTO "MantenimientoRealizado" ("id", "fecha", "kmEnEseMomento", "tipo", "descripcion", "piezasCambiadas", "costo", "taller", "camionId", "tareaId", "createdAt", "updatedAt") VALUES (405, '2023-12-22T00:00:00.000Z', 433173, 'TALLER_EXTERNO', 'Procesado por IA desde factura: COMESA S.L 12-22 F2023.2986T.pdf', 'AMORTIGUADOR PLATAFORMA, TORNILLO AMORTIGUADOR 24X200, TUERCA BLOQUEO 24X300, TERMINAL FASTOM HEMBRA AZUL CC836, BASE ENCHUFE NEGRA 7P METAL, PERNO RUEDA ROR 21220132, TORNILLO ROR FL9NB 24X250', 962.33, 'COMESA S.L.', 4, NULL, '2026-02-02T13:01:52.512Z', '2026-02-02T13:01:52.512Z');
INSERT INTO "MantenimientoRealizado" ("id", "fecha", "kmEnEseMomento", "tipo", "descripcion", "piezasCambiadas", "costo", "taller", "camionId", "tareaId", "createdAt", "updatedAt") VALUES (409, '2023-11-30T00:00:00.000Z', 181650, 'TALLER_EXTERNO', 'Procesado por IA desde factura: TURBINSA S.A.L 11-30 F23888.pdf', 'Conjunto tuberías gas-oil, Inyectores, Válvula reguladora, Válvula dosificadora', 2001.26, 'SEL S.A', 7, NULL, '2026-02-02T13:01:55.362Z', '2026-02-02T13:01:55.362Z');
INSERT INTO "MantenimientoRealizado" ("id", "fecha", "kmEnEseMomento", "tipo", "descripcion", "piezasCambiadas", "costo", "taller", "camionId", "tareaId", "createdAt", "updatedAt") VALUES (411, '2024-12-30T00:00:00.000Z', 470230, 'TALLER_EXTERNO', 'Procesado por IA desde factura: COMESA S.L 12-30 F2024.3139T.pdf', 'BOMBA RADIAL EMBOLOS, CODO TUBO PRESION 1800 BAR, ELEMENTO FILTRANTE COMBUSTIBLE, FILTRO COMBUSTIBLE, TUBO PRESION, INYECTOR REPARADO EURO6', 8793.43, 'COMESA S.L.', 3, NULL, '2026-02-02T13:01:56.839Z', '2026-02-02T13:01:56.839Z');
INSERT INTO "MantenimientoRealizado" ("id", "fecha", "kmEnEseMomento", "tipo", "descripcion", "piezasCambiadas", "costo", "taller", "camionId", "tareaId", "createdAt", "updatedAt") VALUES (413, '2023-12-22T00:00:00.000Z', 410075, 'TALLER_EXTERNO', 'Procesado por IA desde factura: COMESA S.L 12-22 F2023.3004T.pdf', 'SENSOR NOX POSTERIOR', 1402.89, 'COMESA S.L.', 3, NULL, '2026-02-02T13:01:59.451Z', '2026-02-02T13:01:59.451Z');
INSERT INTO "MantenimientoRealizado" ("id", "fecha", "kmEnEseMomento", "tipo", "descripcion", "piezasCambiadas", "costo", "taller", "camionId", "tareaId", "createdAt", "updatedAt") VALUES (415, '2023-06-15T00:00:00.000Z', 639671, 'TALLER_EXTERNO', 'Procesado por IA desde factura: TURBINSA S.A.L 06-15 F23445.pdf', 'válvula secadora, filtro', 657.02, 'SEL S.A', 1, NULL, '2026-02-02T13:02:04.174Z', '2026-02-02T13:02:04.174Z');
INSERT INTO "MantenimientoRealizado" ("id", "fecha", "kmEnEseMomento", "tipo", "descripcion", "piezasCambiadas", "costo", "taller", "camionId", "tareaId", "createdAt", "updatedAt") VALUES (417, '2024-12-30T00:00:00.000Z', 71512, 'TALLER_EXTERNO', 'Procesado por IA desde factura: COMESA S.L 12-30 F2024.3003T.pdf', 'TUBERIA AGUA, ABRAZADERA ZEBRA, ABRAZADERA V, LATA AGUA ANTICONGELANTE 50%, LAMPARA 24V5WPI, LAMPARA FARO 24VH7', 465.23, 'COMESA S.L.', 5, NULL, '2026-02-02T13:02:06.718Z', '2026-02-02T13:02:06.718Z');
INSERT INTO "MantenimientoRealizado" ("id", "fecha", "kmEnEseMomento", "tipo", "descripcion", "piezasCambiadas", "costo", "taller", "camionId", "tareaId", "createdAt", "updatedAt") VALUES (422, '2023-06-30T00:00:00.000Z', 678359, 'TALLER_EXTERNO', 'Procesado por IA desde factura: TURBINSA S.A.L 06-30 F23488.pdf', 'filtro deshidratador', 469.48, 'SEL S.A', 1, NULL, '2026-02-02T13:02:13.947Z', '2026-02-02T13:02:13.947Z');
INSERT INTO "MantenimientoRealizado" ("id", "fecha", "kmEnEseMomento", "tipo", "descripcion", "piezasCambiadas", "costo", "taller", "camionId", "tareaId", "createdAt", "updatedAt") VALUES (425, '2023-10-27T00:00:00.000Z', 598879, 'TALLER_EXTERNO', 'Procesado por IA desde factura: COMESA S.L 10-27 F2023.2491T.pdf', 'FILTRO AD-BLUE, COMPROBACION CON ORDENADOR BOSCH, BRIDA NYLON NEGRA 4.8X200, MAN M324 SI OAT 50% 1000L. ANTICONGELANTE ROJO', 504.29, 'COMESA S.L.', 6, NULL, '2026-02-02T13:04:51.127Z', '2026-02-02T13:04:51.127Z');
INSERT INTO "MantenimientoRealizado" ("id", "fecha", "kmEnEseMomento", "tipo", "descripcion", "piezasCambiadas", "costo", "taller", "camionId", "tareaId", "createdAt", "updatedAt") VALUES (428, '2024-10-30T00:00:00.000Z', 678250, 'TALLER_EXTERNO', 'Procesado por IA desde factura: COMESA S.L 10-30 F2024.2546T.pdf', 'EMISOR KITAS2 RI 25MM, REVISION TACOGRAFO DIGITAL SIEMENS', 403.27, 'COMESA S.L.', 1, NULL, '2026-02-02T13:04:58.236Z', '2026-02-02T13:04:58.236Z');
INSERT INTO "MantenimientoRealizado" ("id", "fecha", "kmEnEseMomento", "tipo", "descripcion", "piezasCambiadas", "costo", "taller", "camionId", "tareaId", "createdAt", "updatedAt") VALUES (430, '2024-10-30T00:00:00.000Z', 456648, 'TALLER_EXTERNO', 'Procesado por IA desde factura: COMESA S.L 10-30 F2024.2575T.pdf', 'TRANSMISOR REVOLUCIONES, DETECTAR AVERIA Y BORRAR FALLOS MAN CATS III, sensor de ABS delantero derecho', 269.25, 'COMESA S.L.', 3, NULL, '2026-02-02T13:04:59.257Z', '2026-02-02T13:04:59.257Z');
INSERT INTO "MantenimientoRealizado" ("id", "fecha", "kmEnEseMomento", "tipo", "descripcion", "piezasCambiadas", "costo", "taller", "camionId", "tareaId", "createdAt", "updatedAt") VALUES (431, '2024-10-30T00:00:00.000Z', 456648, 'TALLER_EXTERNO', 'Procesado por IA desde factura: COMESA S.L 10-30 F2024.2575T.pdf', 'TRANSMISOR REVOLUCIONES 1000MM, DETECTAR AVERIA Y BORRAR FALLOS MAN CATS III, sensor de ABS delantero derecho', 269.25, 'COMESA S.L.', 3, NULL, '2026-02-02T13:05:05.332Z', '2026-02-02T13:05:05.332Z');
INSERT INTO "MantenimientoRealizado" ("id", "fecha", "kmEnEseMomento", "tipo", "descripcion", "piezasCambiadas", "costo", "taller", "camionId", "tareaId", "createdAt", "updatedAt") VALUES (433, '2024-10-30T00:00:00.000Z', 433173, 'TALLER_EXTERNO', 'Procesado por IA desde factura: COMESA S.L 10-30 F2024.25TTT.pdf', 'ACTUADOR FRENO DISCO 16/24, ACTUADOR FRENO DISCO 16/24', 388.1, 'COMESA S.L.', 4, NULL, '2026-02-02T13:05:06.355Z', '2026-02-02T13:05:06.355Z');
INSERT INTO "MantenimientoRealizado" ("id", "fecha", "kmEnEseMomento", "tipo", "descripcion", "piezasCambiadas", "costo", "taller", "camionId", "tareaId", "createdAt", "updatedAt") VALUES (434, '2023-10-27T00:00:00.000Z', 598879, 'TALLER_EXTERNO', 'Procesado por IA desde factura: COMESA S.L 10-27 F2023.2491T.pdf', 'FILTRO AD-BLUE, BRIDA NYLON NEGRA 4.8X200, MAN M324 SI OAT 50% 1000L. ANTICONGELANTE ROJO', 504.29, 'COMESA S.L.', 6, NULL, '2026-02-02T13:05:09.759Z', '2026-02-02T13:05:09.759Z');
INSERT INTO "MantenimientoRealizado" ("id", "fecha", "kmEnEseMomento", "tipo", "descripcion", "piezasCambiadas", "costo", "taller", "camionId", "tareaId", "createdAt", "updatedAt") VALUES (435, '2024-10-30T00:00:00.000Z', 433173, 'TALLER_EXTERNO', 'Procesado por IA desde factura: COMESA S.L 10-30 F2024.25TTT.pdf', 'ACTUADOR FRENO DISCO 16/24, ACTUADOR FRENO DISCO 16/24', 388.1, 'COMESA S.L.', 4, NULL, '2026-02-02T13:05:12.376Z', '2026-02-02T13:05:12.376Z');
INSERT INTO "MantenimientoRealizado" ("id", "fecha", "kmEnEseMomento", "tipo", "descripcion", "piezasCambiadas", "costo", "taller", "camionId", "tareaId", "createdAt", "updatedAt") VALUES (437, '2023-12-22T00:00:00.000Z', 433173, 'TALLER_EXTERNO', 'Procesado por IA desde factura: COMESA S.L 12-22 F2023.2986T.pdf', 'AMORTIGUADOR PLATAFORMA, TORNILLO AMORTIGUADOR, TUERCA BLOQUEO, TERMINAL FASTOM HEMBRA AZUL, BASE ENCHUFE NEGRA, PERNO RUEDA ROR, TORNILLO ROR, COMPROBACION FRENADA EN FRENOMETRO', 962.33, 'COMESA S.L.', 4, NULL, '2026-02-02T13:05:13.735Z', '2026-02-02T13:05:13.735Z');
INSERT INTO "MantenimientoRealizado" ("id", "fecha", "kmEnEseMomento", "tipo", "descripcion", "piezasCambiadas", "costo", "taller", "camionId", "tareaId", "createdAt", "updatedAt") VALUES (438, '2024-10-30T00:00:00.000Z', 678250, 'TALLER_EXTERNO', 'Procesado por IA desde factura: COMESA S.L 10-30 F2024.2546T.pdf', 'EMISOR KITAS2 RI 25MM, REVISION TACOGRAFO DIGITAL SIEMENS', 403.27, 'COMESA S.L.', 1, NULL, '2026-02-02T13:05:16.836Z', '2026-02-02T13:05:16.836Z');
INSERT INTO "MantenimientoRealizado" ("id", "fecha", "kmEnEseMomento", "tipo", "descripcion", "piezasCambiadas", "costo", "taller", "camionId", "tareaId", "createdAt", "updatedAt") VALUES (439, '2023-12-22T00:00:00.000Z', 433173, 'TALLER_EXTERNO', 'Procesado por IA desde factura: COMESA S.L 12-22 F2023.2986T.pdf', 'AMORTIGUADOR PLATAFORMA, TORNILLO AMORTIGUADOR 24X200, TUERCA BLOQUEO 24X300, TERMINAL FASTOM HEMBRA AZUL CC836, BASE ENCHUFE NEGRA 7P METAL, PERNO RUEDA ROR 21220132, TORNILLO ROR FL9NB 24X250', 962.33, 'COMESA S.L.', 4, NULL, '2026-02-02T13:05:19.948Z', '2026-02-02T13:05:19.948Z');
INSERT INTO "MantenimientoRealizado" ("id", "fecha", "kmEnEseMomento", "tipo", "descripcion", "piezasCambiadas", "costo", "taller", "camionId", "tareaId", "createdAt", "updatedAt") VALUES (441, '2023-12-22T00:00:00.000Z', 410075, 'TALLER_EXTERNO', 'Procesado por IA desde factura: COMESA S.L 12-22 F2023.3004T.pdf', 'SENSOR NOX POSTERIOR 460MM', 1402.89, 'COMESA S.L.', 3, NULL, '2026-02-02T13:05:20.823Z', '2026-02-02T13:05:20.823Z');
INSERT INTO "MantenimientoRealizado" ("id", "fecha", "kmEnEseMomento", "tipo", "descripcion", "piezasCambiadas", "costo", "taller", "camionId", "tareaId", "createdAt", "updatedAt") VALUES (442, '2023-12-22T00:00:00.000Z', 410075, 'TALLER_EXTERNO', 'Procesado por IA desde factura: COMESA S.L 12-22 F2023.3004T.pdf', 'SENSOR NOX POSTERIOR 460MM', 1402.89, 'COMESA S.L.', 3, NULL, '2026-02-02T13:05:23.853Z', '2026-02-02T13:05:23.853Z');
INSERT INTO "MantenimientoRealizado" ("id", "fecha", "kmEnEseMomento", "tipo", "descripcion", "piezasCambiadas", "costo", "taller", "camionId", "tareaId", "createdAt", "updatedAt") VALUES (444, '2023-12-22T00:00:00.000Z', 410075, 'TALLER_EXTERNO', 'Procesado por IA desde factura: COMESA S.L 12-22 F2023.3004T.pdf', 'SENSOR NOX POSTERIOR', 1402.89, 'COMESA S.L.', 3, NULL, '2026-02-02T13:05:26.931Z', '2026-02-02T13:05:26.931Z');
INSERT INTO "MantenimientoRealizado" ("id", "fecha", "kmEnEseMomento", "tipo", "descripcion", "piezasCambiadas", "costo", "taller", "camionId", "tareaId", "createdAt", "updatedAt") VALUES (446, '2024-12-30T00:00:00.000Z', 71512, 'TALLER_EXTERNO', 'Procesado por IA desde factura: COMESA S.L 12-30 F2024.3003T.pdf', 'TUBERIA AGUA, ABRAZADERA ZEBRA, ABRAZADERA V, LATA AGUA ANTICONGELANTE 50%, LAMPARA 24V5WPI, LAMPARA FARO 24VH7', 465.23, 'COMESA S.L.', 5, NULL, '2026-02-02T13:05:28.117Z', '2026-02-02T13:05:28.117Z');
INSERT INTO "MantenimientoRealizado" ("id", "fecha", "kmEnEseMomento", "tipo", "descripcion", "piezasCambiadas", "costo", "taller", "camionId", "tareaId", "createdAt", "updatedAt") VALUES (447, '2024-12-30T00:00:00.000Z', 71512, 'TALLER_EXTERNO', 'Procesado por IA desde factura: COMESA S.L 12-30 F2024.3003T.pdf', 'TUBERIA AGUA, ABRAZADERA ZEBRA, ABRAZADERA V, LATA AGUA ANTICONGELANTE 50%, LAMPARA 24V5WPI, LAMPARA FARO 24VH7', 465.23, 'COMESA S.L.', 5, NULL, '2026-02-02T13:05:31.024Z', '2026-02-02T13:05:31.024Z');
INSERT INTO "MantenimientoRealizado" ("id", "fecha", "kmEnEseMomento", "tipo", "descripcion", "piezasCambiadas", "costo", "taller", "camionId", "tareaId", "createdAt", "updatedAt") VALUES (449, '2024-12-30T00:00:00.000Z', 71512, 'TALLER_EXTERNO', 'Procesado por IA desde factura: COMESA S.L 12-30 F2024.3003T.pdf', 'TUBERIA AGUA, ABRAZADERA ZEBRA, ABRAZADERA V, LATA AGUA ANTICONGELANTE 50%, LAMPARA 24V5WPI, LAMPARA FARO 24VH7', 465.23, 'COMESA S.L.', 5, NULL, '2026-02-02T13:05:34.257Z', '2026-02-02T13:05:34.257Z');
INSERT INTO "MantenimientoRealizado" ("id", "fecha", "kmEnEseMomento", "tipo", "descripcion", "piezasCambiadas", "costo", "taller", "camionId", "tareaId", "createdAt", "updatedAt") VALUES (451, '2023-06-30T00:00:00.000Z', 678359, 'TALLER_EXTERNO', 'Procesado por IA desde factura: TURBINSA S.A.L 06-30 F23488.pdf', 'filtro deshidratador, tubo escape', 469.48, 'SEL S.A', 1, NULL, '2026-02-02T13:05:35.210Z', '2026-02-02T13:05:35.210Z');
INSERT INTO "MantenimientoRealizado" ("id", "fecha", "kmEnEseMomento", "tipo", "descripcion", "piezasCambiadas", "costo", "taller", "camionId", "tareaId", "createdAt", "updatedAt") VALUES (452, '2023-06-30T00:00:00.000Z', 678359, 'TALLER_EXTERNO', 'Procesado por IA desde factura: TURBINSA S.A.L 06-30 F23488.pdf', 'filtro deshidratador', 469.48, 'SEL S.A', 1, NULL, '2026-02-02T13:05:38.176Z', '2026-02-02T13:05:38.176Z');
INSERT INTO "MantenimientoRealizado" ("id", "fecha", "kmEnEseMomento", "tipo", "descripcion", "piezasCambiadas", "costo", "taller", "camionId", "tareaId", "createdAt", "updatedAt") VALUES (454, '2023-06-30T00:00:00.000Z', 678359, 'TALLER_EXTERNO', 'Procesado por IA desde factura: TURBINSA S.A.L 06-30 F23488.pdf', 'filtro deshidratador', 469.48, 'SEL S.A', 1, NULL, '2026-02-02T13:05:41.335Z', '2026-02-02T13:05:41.335Z');
INSERT INTO "MantenimientoRealizado" ("id", "fecha", "kmEnEseMomento", "tipo", "descripcion", "piezasCambiadas", "costo", "taller", "camionId", "tareaId", "createdAt", "updatedAt") VALUES (456, '2023-07-15T00:00:00.000Z', 4300048, 'TALLER_EXTERNO', 'Procesado por IA desde factura: TURBINSA S.A.L 07-15 F23524.pdf', 'Tubería gasoil, Piloto galibo trasero', 116.86, 'SEL S.A', 6, NULL, '2026-02-02T13:05:42.462Z', '2026-02-02T13:05:42.462Z');
INSERT INTO "MantenimientoRealizado" ("id", "fecha", "kmEnEseMomento", "tipo", "descripcion", "piezasCambiadas", "costo", "taller", "camionId", "tareaId", "createdAt", "updatedAt") VALUES (457, '2023-07-15T00:00:00.000Z', 4300048, 'TALLER_EXTERNO', 'Procesado por IA desde factura: TURBINSA S.A.L 07-15 F23524.pdf', 'Tubería gasoil, Piloto galibo trasero', 116.86, 'SEL S.A', 6, NULL, '2026-02-02T13:05:45.292Z', '2026-02-02T13:05:45.292Z');
INSERT INTO "MantenimientoRealizado" ("id", "fecha", "kmEnEseMomento", "tipo", "descripcion", "piezasCambiadas", "costo", "taller", "camionId", "tareaId", "createdAt", "updatedAt") VALUES (459, '2023-07-15T00:00:00.000Z', 4300048, 'TALLER_EXTERNO', 'Procesado por IA desde factura: TURBINSA S.A.L 07-15 F23524.pdf', 'Tubería gasoil, Piloto galibo trasero', 116.86, 'SEL S.A', 6, NULL, '2026-02-02T13:05:48.614Z', '2026-02-02T13:05:48.614Z');
INSERT INTO "MantenimientoRealizado" ("id", "fecha", "kmEnEseMomento", "tipo", "descripcion", "piezasCambiadas", "costo", "taller", "camionId", "tareaId", "createdAt", "updatedAt") VALUES (461, '2023-07-15T00:00:00.000Z', 678359, 'TALLER_EXTERNO', 'Procesado por IA desde factura: TURBINSA S.A.L 07-15 F23542.pdf', 'Válvula cuadruple', 590.48, 'SEL S.A', 1, NULL, '2026-02-02T13:05:49.736Z', '2026-02-02T13:05:49.736Z');
INSERT INTO "MantenimientoRealizado" ("id", "fecha", "kmEnEseMomento", "tipo", "descripcion", "piezasCambiadas", "costo", "taller", "camionId", "tareaId", "createdAt", "updatedAt") VALUES (462, '2023-07-15T00:00:00.000Z', 678359, 'TALLER_EXTERNO', 'Procesado por IA desde factura: TURBINSA S.A.L 07-15 F23542.pdf', 'Válvula cuadruple', 590.48, 'SEL S.A', 1, NULL, '2026-02-02T13:05:52.448Z', '2026-02-02T13:05:52.448Z');
INSERT INTO "MantenimientoRealizado" ("id", "fecha", "kmEnEseMomento", "tipo", "descripcion", "piezasCambiadas", "costo", "taller", "camionId", "tareaId", "createdAt", "updatedAt") VALUES (464, '2023-07-15T00:00:00.000Z', 678359, 'TALLER_EXTERNO', 'Procesado por IA desde factura: TURBINSA S.A.L 07-15 F23542.pdf', 'Válvula cuadruple', 590.48, 'SEL S.A', 1, NULL, '2026-02-02T13:05:55.699Z', '2026-02-02T13:05:55.699Z');
INSERT INTO "MantenimientoRealizado" ("id", "fecha", "kmEnEseMomento", "tipo", "descripcion", "piezasCambiadas", "costo", "taller", "camionId", "tareaId", "createdAt", "updatedAt") VALUES (466, '2023-08-15T00:00:00.000Z', 678359, 'TALLER_EXTERNO', 'Procesado por IA desde factura: TURBINSA S.A.L 08-15 F23602.pdf', 'Condensador aire, Depósito agua limpia, Intermitente derecho, Intermitente izquierdo, Faro derecho, Faro izquierdo, Matricula, Lámpara h1, Pintura', 1694.02, 'SEL S.A', 1, NULL, '2026-02-02T13:05:57.118Z', '2026-02-02T13:05:57.118Z');
INSERT INTO "MantenimientoRealizado" ("id", "fecha", "kmEnEseMomento", "tipo", "descripcion", "piezasCambiadas", "costo", "taller", "camionId", "tareaId", "createdAt", "updatedAt") VALUES (467, '2023-08-15T00:00:00.000Z', 678359, 'TALLER_EXTERNO', 'Procesado por IA desde factura: TURBINSA S.A.L 08-15 F23602.pdf', 'Condensador aire, Depósito agua limpia, Intermitente derecho, Intermitente izquierdo, Faro derecho, Faro izquierdo, Matricula, Lámpara h1, Pintura', 1694.02, 'SEL S.A', 1, NULL, '2026-02-02T13:05:59.729Z', '2026-02-02T13:05:59.729Z');
INSERT INTO "MantenimientoRealizado" ("id", "fecha", "kmEnEseMomento", "tipo", "descripcion", "piezasCambiadas", "costo", "taller", "camionId", "tareaId", "createdAt", "updatedAt") VALUES (469, '2023-08-15T00:00:00.000Z', 678359, 'TALLER_EXTERNO', 'Procesado por IA desde factura: TURBINSA S.A.L 08-15 F23602.pdf', 'Condensador aire, Depósito agua limpia, Intermitente derecho, Intermitente izquierdo, Faro derecho, Faro izquierdo, Matricula, Lámpara h1, Pintura', 1694.02, 'SEL S.A', 1, NULL, '2026-02-02T13:06:03.173Z', '2026-02-02T13:06:03.173Z');
INSERT INTO "MantenimientoRealizado" ("id", "fecha", "kmEnEseMomento", "tipo", "descripcion", "piezasCambiadas", "costo", "taller", "camionId", "tareaId", "createdAt", "updatedAt") VALUES (471, '2023-11-15T00:00:00.000Z', 645399, 'TALLER_EXTERNO', 'Procesado por IA desde factura: TURBINSA S.A.L 11-15 f23861.pdf', 'casquillos de barra estabilizadora trasera, buje goma barra estabilizadora, Tornillos, arandelas, tuercas, Casquillo barra, Catadióptico', 339.77, 'SEL S.A', 1, NULL, '2026-02-02T13:06:04.594Z', '2026-02-02T13:06:04.594Z');
INSERT INTO "MantenimientoRealizado" ("id", "fecha", "kmEnEseMomento", "tipo", "descripcion", "piezasCambiadas", "costo", "taller", "camionId", "tareaId", "createdAt", "updatedAt") VALUES (472, '2023-11-15T00:00:00.000Z', 645399, 'TALLER_EXTERNO', 'Procesado por IA desde factura: TURBINSA S.A.L 11-15 f23861.pdf', 'casquillos de barra estabilizadora trasera, buje goma barra estabilizadora, tornillos, arandelas, tuercas, casquillo barra, catadióptico', 339.77, 'SEL S.A', 1, NULL, '2026-02-02T13:06:07.143Z', '2026-02-02T13:06:07.143Z');
INSERT INTO "MantenimientoRealizado" ("id", "fecha", "kmEnEseMomento", "tipo", "descripcion", "piezasCambiadas", "costo", "taller", "camionId", "tareaId", "createdAt", "updatedAt") VALUES (474, '2023-11-15T00:00:00.000Z', 645399, 'TALLER_EXTERNO', 'Procesado por IA desde factura: TURBINSA S.A.L 11-15 f23861.pdf', 'casquillos de barra estabilizadora trasera, buje goma barra estabilizadora, tornillos, arandelas, tuercas, casquillo barra, catadióptico', 339.77, 'SEL S.A', 1, NULL, '2026-02-02T13:06:10.629Z', '2026-02-02T13:06:10.629Z');
INSERT INTO "MantenimientoRealizado" ("id", "fecha", "kmEnEseMomento", "tipo", "descripcion", "piezasCambiadas", "costo", "taller", "camionId", "tareaId", "createdAt", "updatedAt") VALUES (476, '2023-11-30T00:00:00.000Z', 181650, 'TALLER_EXTERNO', 'Procesado por IA desde factura: TURBINSA S.A.L 11-30 F23888.pdf', 'Conjunto tuberías gas-oil, Inyectores, Válvula reguladora, Válvula dosificadora', 2001.26, 'SEL S.A', 7, NULL, '2026-02-02T13:06:11.747Z', '2026-02-02T13:06:11.747Z');
INSERT INTO "MantenimientoRealizado" ("id", "fecha", "kmEnEseMomento", "tipo", "descripcion", "piezasCambiadas", "costo", "taller", "camionId", "tareaId", "createdAt", "updatedAt") VALUES (477, '2023-11-30T00:00:00.000Z', 181650, 'TALLER_EXTERNO', 'Procesado por IA desde factura: TURBINSA S.A.L 11-30 F23888.pdf', 'Conjunto tuberías gas-oil, Inyectores, Válvula reguladora, Válvula dosificadora', 2001.26, 'SEL S.A', 7, NULL, '2026-02-02T13:06:14.363Z', '2026-02-02T13:06:14.363Z');
INSERT INTO "MantenimientoRealizado" ("id", "fecha", "kmEnEseMomento", "tipo", "descripcion", "piezasCambiadas", "costo", "taller", "camionId", "tareaId", "createdAt", "updatedAt") VALUES (479, '2023-11-30T00:00:00.000Z', 181650, 'TALLER_EXTERNO', 'Procesado por IA desde factura: TURBINSA S.A.L 11-30 F23888.pdf', 'Conjunto tuberías gas-oil, Inyectores, Válvula reguladora, Válvula dosificadora', 2001.26, 'TURBINSA, S.A.L', 7, NULL, '2026-02-02T13:06:18.010Z', '2026-02-02T13:06:18.010Z');
INSERT INTO "MantenimientoRealizado" ("id", "fecha", "kmEnEseMomento", "tipo", "descripcion", "piezasCambiadas", "costo", "taller", "camionId", "tareaId", "createdAt", "updatedAt") VALUES (481, '2024-10-30T00:00:00.000Z', 456648, 'TALLER_EXTERNO', 'Procesado por IA desde factura: COMESA S.L 10-30 F2024.2575T.pdf', 'TRANSMISOR REVOLUCIONES 1000MM', 269.25, 'COMESA S.L.', 3, NULL, '2026-02-03T16:00:34.929Z', '2026-02-03T16:00:34.929Z');
INSERT INTO "MantenimientoRealizado" ("id", "fecha", "kmEnEseMomento", "tipo", "descripcion", "piezasCambiadas", "costo", "taller", "camionId", "tareaId", "createdAt", "updatedAt") VALUES (482, '2024-10-30T00:00:00.000Z', 456648, 'TALLER_EXTERNO', 'Procesado por IA desde factura: COMESA S.L 10-30 F2024.2575T.pdf', 'TRANSMISOR REVOLUCIONES 1000MM, DETECTAR AVERIA Y BORRAR FALLOS MAN CATS III', 269.25, 'COMESA S.L.', 3, NULL, '2026-02-03T16:00:35.912Z', '2026-02-03T16:00:35.912Z');
INSERT INTO "MantenimientoRealizado" ("id", "fecha", "kmEnEseMomento", "tipo", "descripcion", "piezasCambiadas", "costo", "taller", "camionId", "tareaId", "createdAt", "updatedAt") VALUES (483, '2024-10-30T00:00:00.000Z', 456648, 'TALLER_EXTERNO', 'Procesado (Modo Fallback): COMESA S.L 10-30 F2024.2575T.pdf', 'Mantenimiento General (Recuperado por Fallback)', 0, 'Taller Detectado (Fallback System)', 3, NULL, '2026-02-03T16:00:35.979Z', '2026-02-03T16:00:35.979Z');
INSERT INTO "MantenimientoRealizado" ("id", "fecha", "kmEnEseMomento", "tipo", "descripcion", "piezasCambiadas", "costo", "taller", "camionId", "tareaId", "createdAt", "updatedAt") VALUES (484, '2024-10-30T00:00:00.000Z', 433173, 'TALLER_EXTERNO', 'Procesado por IA desde factura: COMESA S.L 10-30 F2024.25TTT.pdf', 'ACTUADOR FRENO DISCO 16/24, ACTUADOR FRENO DISCO 16/24', 388.1, 'COMESA S.L.', 4, NULL, '2026-02-03T16:00:42.142Z', '2026-02-03T16:00:42.142Z');
INSERT INTO "MantenimientoRealizado" ("id", "fecha", "kmEnEseMomento", "tipo", "descripcion", "piezasCambiadas", "costo", "taller", "camionId", "tareaId", "createdAt", "updatedAt") VALUES (485, '2024-10-30T00:00:00.000Z', 433173, 'TALLER_EXTERNO', 'Procesado por IA desde factura: COMESA S.L 10-30 F2024.25TTT.pdf', 'ACTUADOR FRENO DISCO 16/24, ACTUADOR FRENO DISCO 16/24', 388.1, 'COMESA S.L.', 4, NULL, '2026-02-03T16:00:43.175Z', '2026-02-03T16:00:43.175Z');
INSERT INTO "MantenimientoRealizado" ("id", "fecha", "kmEnEseMomento", "tipo", "descripcion", "piezasCambiadas", "costo", "taller", "camionId", "tareaId", "createdAt", "updatedAt") VALUES (486, '2024-10-30T00:00:00.000Z', 0, 'TALLER_EXTERNO', 'Procesado (Modo Fallback): COMESA S.L 10-30 F2024.25TTT.pdf', 'Mantenimiento General (Recuperado por Fallback)', 0, 'Taller Detectado (Fallback System)', 4, NULL, '2026-02-03T16:00:43.208Z', '2026-02-03T16:00:43.208Z');
INSERT INTO "MantenimientoRealizado" ("id", "fecha", "kmEnEseMomento", "tipo", "descripcion", "piezasCambiadas", "costo", "taller", "camionId", "tareaId", "createdAt", "updatedAt") VALUES (487, '2023-12-22T00:00:00.000Z', 433173, 'TALLER_EXTERNO', 'Procesado por IA desde factura: COMESA S.L 12-22 F2023.2986T.pdf', 'AMORTIGUADOR PLATAFORMA, TORNILLO AMORTIGUADOR 24X200, TUERCA BLOQUEO 24X300, TERMINAL FASTOM HEMBRA AZUL CC836, BASE ENCHUFE NEGRA 7P METAL, PERNO RUEDA ROR 21220132, TORNILLO ROR FL9NB 24X250', 962.33, 'COMESA S.L.', 4, NULL, '2026-02-03T16:00:49.805Z', '2026-02-03T16:00:49.805Z');
INSERT INTO "MantenimientoRealizado" ("id", "fecha", "kmEnEseMomento", "tipo", "descripcion", "piezasCambiadas", "costo", "taller", "camionId", "tareaId", "createdAt", "updatedAt") VALUES (488, '2023-12-22T00:00:00.000Z', 433173, 'TALLER_EXTERNO', 'Procesado por IA desde factura: COMESA S.L 12-22 F2023.2986T.pdf', 'AMORTIGUADOR PLATAFORMA, TORNILLO AMORTIGUADOR 24X200, TUERCA BLOQUEO 24X300, TERMINAL FASTOM HEMBRA AZUL CC836, BASE ENCHUFE NEGRA 7P METAL, PERNO RUEDA ROR 21220132, TORNILLO ROR FL9NB 24X250', 962.33, 'COMESA S.L.', 4, NULL, '2026-02-03T16:00:50.834Z', '2026-02-03T16:00:50.834Z');
INSERT INTO "MantenimientoRealizado" ("id", "fecha", "kmEnEseMomento", "tipo", "descripcion", "piezasCambiadas", "costo", "taller", "camionId", "tareaId", "createdAt", "updatedAt") VALUES (489, '2023-12-22T00:00:00.000Z', 0, 'TALLER_EXTERNO', 'Procesado (Modo Fallback): COMESA S.L 12-22 F2023.2986T.pdf', 'Mantenimiento General (Recuperado por Fallback)', 0, 'Taller Detectado (Fallback System)', 4, NULL, '2026-02-03T16:00:50.858Z', '2026-02-03T16:00:50.858Z');
INSERT INTO "MantenimientoRealizado" ("id", "fecha", "kmEnEseMomento", "tipo", "descripcion", "piezasCambiadas", "costo", "taller", "camionId", "tareaId", "createdAt", "updatedAt") VALUES (490, '2023-12-22T00:00:00.000Z', 410075, 'TALLER_EXTERNO', 'Procesado por IA desde factura: COMESA S.L 12-22 F2023.3004T.pdf', 'SENSOR NOX POSTERIOR', 1402.89, 'COMESA S.L.', 3, NULL, '2026-02-03T16:00:56.861Z', '2026-02-03T16:00:56.861Z');
INSERT INTO "MantenimientoRealizado" ("id", "fecha", "kmEnEseMomento", "tipo", "descripcion", "piezasCambiadas", "costo", "taller", "camionId", "tareaId", "createdAt", "updatedAt") VALUES (491, '2023-12-22T00:00:00.000Z', 410075, 'TALLER_EXTERNO', 'Procesado por IA desde factura: COMESA S.L 12-22 F2023.3004T.pdf', 'SENSOR NOX POSTERIOR', 1402.89, 'COMESA S.L.', 3, NULL, '2026-02-03T16:00:57.853Z', '2026-02-03T16:00:57.853Z');
INSERT INTO "MantenimientoRealizado" ("id", "fecha", "kmEnEseMomento", "tipo", "descripcion", "piezasCambiadas", "costo", "taller", "camionId", "tareaId", "createdAt", "updatedAt") VALUES (492, '2023-12-22T00:00:00.000Z', 410075, 'TALLER_EXTERNO', 'Procesado (Modo Fallback): COMESA S.L 12-22 F2023.3004T.pdf', 'Mantenimiento General (Recuperado por Fallback)', 0, 'Taller Detectado (Fallback System)', 3, NULL, '2026-02-03T16:00:57.876Z', '2026-02-03T16:00:57.876Z');
INSERT INTO "MantenimientoRealizado" ("id", "fecha", "kmEnEseMomento", "tipo", "descripcion", "piezasCambiadas", "costo", "taller", "camionId", "tareaId", "createdAt", "updatedAt") VALUES (493, '2024-12-30T00:00:00.000Z', 71512, 'TALLER_EXTERNO', 'Procesado por IA desde factura: COMESA S.L 12-30 F2024.3003T.pdf', 'TUBERIA AGUA, ABRAZADERA ZEBRA, ABRAZADERA V, LATA AGUA ANTICONGELANTE 50%, LAMPARA 24V5WPI, LAMPARA FARO 24VH7', 465.23, 'COMESA S.L.', 5, NULL, '2026-02-03T16:01:04.179Z', '2026-02-03T16:01:04.179Z');
INSERT INTO "MantenimientoRealizado" ("id", "fecha", "kmEnEseMomento", "tipo", "descripcion", "piezasCambiadas", "costo", "taller", "camionId", "tareaId", "createdAt", "updatedAt") VALUES (494, '2024-12-30T00:00:00.000Z', 71512, 'TALLER_EXTERNO', 'Procesado por IA desde factura: COMESA S.L 12-30 F2024.3003T.pdf', 'TUBERIA AGUA, ABRAZADERA ZEBRA, ABRAZADERA V, LATA AGUA ANTICONGELANTE 50%, LAMPARA 24V5WPI, LAMPARA FARO 24VH7', 465.23, 'COMESA S.L.', 5, NULL, '2026-02-03T16:01:05.151Z', '2026-02-03T16:01:05.151Z');
INSERT INTO "MantenimientoRealizado" ("id", "fecha", "kmEnEseMomento", "tipo", "descripcion", "piezasCambiadas", "costo", "taller", "camionId", "tareaId", "createdAt", "updatedAt") VALUES (495, '2024-12-30T00:00:00.000Z', 71512, 'TALLER_EXTERNO', 'Procesado (Modo Fallback): COMESA S.L 12-30 F2024.3003T.pdf', 'Mantenimiento General (Recuperado por Fallback)', 0, 'Taller Detectado (Fallback System)', 5, NULL, '2026-02-03T16:01:05.167Z', '2026-02-03T16:01:05.167Z');
INSERT INTO "MantenimientoRealizado" ("id", "fecha", "kmEnEseMomento", "tipo", "descripcion", "piezasCambiadas", "costo", "taller", "camionId", "tareaId", "createdAt", "updatedAt") VALUES (496, '2023-06-30T00:00:00.000Z', 678359, 'TALLER_EXTERNO', 'Procesado por IA desde factura: TURBINSA S.A.L 06-30 F23488.pdf', 'filtro deshidratador', 469.48, 'SEL S.A', 1, NULL, '2026-02-03T16:01:11.313Z', '2026-02-03T16:01:11.313Z');
INSERT INTO "MantenimientoRealizado" ("id", "fecha", "kmEnEseMomento", "tipo", "descripcion", "piezasCambiadas", "costo", "taller", "camionId", "tareaId", "createdAt", "updatedAt") VALUES (497, '2023-06-30T00:00:00.000Z', 678359, 'TALLER_EXTERNO', 'Procesado por IA desde factura: TURBINSA S.A.L 06-30 F23488.pdf', 'filtro deshidratador', 469.48, 'SEL S.A', 1, NULL, '2026-02-03T16:01:14.563Z', '2026-02-03T16:01:14.563Z');
INSERT INTO "MantenimientoRealizado" ("id", "fecha", "kmEnEseMomento", "tipo", "descripcion", "piezasCambiadas", "costo", "taller", "camionId", "tareaId", "createdAt", "updatedAt") VALUES (498, '2023-06-30T00:00:00.000Z', 678359, 'TALLER_EXTERNO', 'Procesado (Modo Fallback): TURBINSA S.A.L 06-30 F23488.pdf', 'Mantenimiento General (Recuperado por Fallback)', 0, 'Taller Detectado (Fallback System)', 1, NULL, '2026-02-03T16:01:14.586Z', '2026-02-03T16:01:14.586Z');
INSERT INTO "MantenimientoRealizado" ("id", "fecha", "kmEnEseMomento", "tipo", "descripcion", "piezasCambiadas", "costo", "taller", "camionId", "tareaId", "createdAt", "updatedAt") VALUES (499, '2023-07-15T00:00:00.000Z', 4300048, 'TALLER_EXTERNO', 'Procesado por IA desde factura: TURBINSA S.A.L 07-15 F23524.pdf', 'Tubería gasoil, Piloto galibo trasero', 116.86, 'SEL S.A', 6, NULL, '2026-02-03T16:01:18.606Z', '2026-02-03T16:01:18.606Z');
INSERT INTO "MantenimientoRealizado" ("id", "fecha", "kmEnEseMomento", "tipo", "descripcion", "piezasCambiadas", "costo", "taller", "camionId", "tareaId", "createdAt", "updatedAt") VALUES (500, '2023-07-15T00:00:00.000Z', 678359, 'TALLER_EXTERNO', 'Procesado por IA desde factura: TURBINSA S.A.L 07-15 F23542.pdf', 'Válvula cuadruple', 590.48, 'SEL S.A', 1, NULL, '2026-02-03T16:01:25.780Z', '2026-02-03T16:01:25.780Z');
INSERT INTO "MantenimientoRealizado" ("id", "fecha", "kmEnEseMomento", "tipo", "descripcion", "piezasCambiadas", "costo", "taller", "camionId", "tareaId", "createdAt", "updatedAt") VALUES (501, '2023-08-15T00:00:00.000Z', 678359, 'TALLER_EXTERNO', 'Procesado por IA desde factura: TURBINSA S.A.L 08-15 F23602.pdf', 'Condensador aire, Depósito agua limpia, Intermitente derecho, Intermitente izquierdo, Faro derecho, Faro izquierdo, Matricula, Lámpara h1, Pintura', 1694.02, 'SEL S.A', 1, NULL, '2026-02-03T16:01:33.286Z', '2026-02-03T16:01:33.286Z');
INSERT INTO "MantenimientoRealizado" ("id", "fecha", "kmEnEseMomento", "tipo", "descripcion", "piezasCambiadas", "costo", "taller", "camionId", "tareaId", "createdAt", "updatedAt") VALUES (502, '2023-07-15T00:00:00.000Z', 4300048, 'TALLER_EXTERNO', 'Procesado por IA desde factura: TURBINSA S.A.L 07-15 F23524.pdf', 'Tubería gasoil, Piloto galibo trasero', 116.86, 'SEL S.A', 6, NULL, '2026-02-03T16:01:33.859Z', '2026-02-03T16:01:33.859Z');
INSERT INTO "MantenimientoRealizado" ("id", "fecha", "kmEnEseMomento", "tipo", "descripcion", "piezasCambiadas", "costo", "taller", "camionId", "tareaId", "createdAt", "updatedAt") VALUES (503, '2023-07-15T00:00:00.000Z', 4300048, 'TALLER_EXTERNO', 'Procesado (Modo Fallback): TURBINSA S.A.L 07-15 F23524.pdf', 'Mantenimiento General (Recuperado por Fallback)', 0, 'Taller Detectado (Fallback System)', 6, NULL, '2026-02-03T16:01:33.914Z', '2026-02-03T16:01:33.914Z');
INSERT INTO "MantenimientoRealizado" ("id", "fecha", "kmEnEseMomento", "tipo", "descripcion", "piezasCambiadas", "costo", "taller", "camionId", "tareaId", "createdAt", "updatedAt") VALUES (504, '2023-11-15T00:00:00.000Z', 645399, 'TALLER_EXTERNO', 'Procesado por IA desde factura: TURBINSA S.A.L 11-15 f23861.pdf', 'casquillos de barra estabilizadora trasera, buje goma barra estabilizadora, tornillos, arandelas, tuercas, casquillo barra, catadióptico', 339.77, 'SEL S.A', 1, NULL, '2026-02-03T16:01:40.845Z', '2026-02-03T16:01:40.845Z');
INSERT INTO "MantenimientoRealizado" ("id", "fecha", "kmEnEseMomento", "tipo", "descripcion", "piezasCambiadas", "costo", "taller", "camionId", "tareaId", "createdAt", "updatedAt") VALUES (505, '2023-11-30T00:00:00.000Z', 181650, 'TALLER_EXTERNO', 'Procesado por IA desde factura: TURBINSA S.A.L 11-30 F23888.pdf', 'Conjunto tuberías gas-oil, Inyectores, Válvula reguladora, Válvula dosificadora', 2001.26, 'SEL S.A', 7, NULL, '2026-02-03T16:01:48.373Z', '2026-02-03T16:01:48.373Z');
INSERT INTO "MantenimientoRealizado" ("id", "fecha", "kmEnEseMomento", "tipo", "descripcion", "piezasCambiadas", "costo", "taller", "camionId", "tareaId", "createdAt", "updatedAt") VALUES (506, '2023-11-15T00:00:00.000Z', 645399, 'TALLER_EXTERNO', 'Procesado por IA desde factura: TURBINSA S.A.L 11-15 f23861.pdf', 'casquillos de barra estabilizadora trasera, buje goma barra estabilizadora, tornillos, arandelas, tuercas, casquillo barra, catadióptico', 339.77, 'SEL S.A', 1, NULL, '2026-02-03T16:02:14.004Z', '2026-02-03T16:02:14.004Z');
INSERT INTO "MantenimientoRealizado" ("id", "fecha", "kmEnEseMomento", "tipo", "descripcion", "piezasCambiadas", "costo", "taller", "camionId", "tareaId", "createdAt", "updatedAt") VALUES (507, '2023-11-15T00:00:00.000Z', 4800, 'TALLER_EXTERNO', 'Procesado (Modo Fallback): TURBINSA S.A.L 11-15 f23861.pdf', 'Mantenimiento General (Recuperado por Fallback)', 0, 'Taller Detectado (Fallback System)', 1, NULL, '2026-02-03T16:02:14.029Z', '2026-02-03T16:02:14.029Z');
INSERT INTO "Ausencia" ("id", "tipo", "fechaInicio", "fechaFin", "estado", "observaciones", "empleadoId", "aprobadoPorId", "fechaResolucion", "justificanteUrl", "createdAt", "updatedAt") VALUES (1, 'VACACIONES', '2026-01-30T00:00:00.000Z', '2026-01-30T00:00:00.000Z', 'APROBADA', NULL, 2, 1, '2026-01-30T10:25:55.281Z', NULL, '2026-01-30T09:48:00.641Z', '2026-01-30T10:25:55.282Z');
INSERT INTO "Ausencia" ("id", "tipo", "fechaInicio", "fechaFin", "estado", "observaciones", "empleadoId", "aprobadoPorId", "fechaResolucion", "justificanteUrl", "createdAt", "updatedAt") VALUES (2, 'VACACIONES', '2026-06-29T00:00:00.000Z', '2026-07-12T00:00:00.000Z', 'APROBADA', NULL, 6, 1, '2026-01-30T10:52:36.321Z', NULL, '2026-01-30T10:42:14.206Z', '2026-01-30T10:52:36.322Z');
INSERT INTO "Ausencia" ("id", "tipo", "fechaInicio", "fechaFin", "estado", "observaciones", "empleadoId", "aprobadoPorId", "fechaResolucion", "justificanteUrl", "createdAt", "updatedAt") VALUES (3, 'VACACIONES', '2026-02-02T00:00:00.000Z', '2026-02-02T00:00:00.000Z', 'DENEGADA', 'viaje', 3, 1, '2026-02-03T16:01:09.364Z', NULL, '2026-02-02T16:32:52.289Z', '2026-02-03T16:01:09.367Z');
INSERT INTO "Ausencia" ("id", "tipo", "fechaInicio", "fechaFin", "estado", "observaciones", "empleadoId", "aprobadoPorId", "fechaResolucion", "justificanteUrl", "createdAt", "updatedAt") VALUES (4, 'VACACIONES', '2026-01-30T00:00:00.000Z', '2026-02-03T00:00:00.000Z', 'APROBADA', 'vacaciones', 5, 1, '2026-02-04T14:23:24.217Z', NULL, '2026-02-04T14:18:56.907Z', '2026-02-04T14:23:24.218Z');
INSERT INTO "Ausencia" ("id", "tipo", "fechaInicio", "fechaFin", "estado", "observaciones", "empleadoId", "aprobadoPorId", "fechaResolucion", "justificanteUrl", "createdAt", "updatedAt") VALUES (5, 'VACACIONES', '2026-02-23T00:00:00.000Z', '2026-03-01T00:00:00.000Z', 'APROBADA', 'vacaciones', 5, 1, '2026-02-04T14:23:08.735Z', NULL, '2026-02-04T14:19:33.286Z', '2026-02-04T14:23:08.737Z');
INSERT INTO "Ausencia" ("id", "tipo", "fechaInicio", "fechaFin", "estado", "observaciones", "empleadoId", "aprobadoPorId", "fechaResolucion", "justificanteUrl", "createdAt", "updatedAt") VALUES (6, 'VACACIONES', '2026-04-07T00:00:00.000Z', '2026-04-14T00:00:00.000Z', 'APROBADA', 'vacaciones semana pascual', 5, 1, '2026-02-04T14:22:55.783Z', NULL, '2026-02-04T14:20:20.716Z', '2026-02-04T14:22:55.784Z');
INSERT INTO "Ausencia" ("id", "tipo", "fechaInicio", "fechaFin", "estado", "observaciones", "empleadoId", "aprobadoPorId", "fechaResolucion", "justificanteUrl", "createdAt", "updatedAt") VALUES (7, 'VACACIONES', '2026-05-04T00:00:00.000Z', '2026-02-04T00:00:00.000Z', 'DENEGADA', 'vacaciones', 5, 1, '2026-02-04T14:22:44.681Z', NULL, '2026-02-04T14:20:55.283Z', '2026-02-04T14:22:44.682Z');
INSERT INTO "Ausencia" ("id", "tipo", "fechaInicio", "fechaFin", "estado", "observaciones", "empleadoId", "aprobadoPorId", "fechaResolucion", "justificanteUrl", "createdAt", "updatedAt") VALUES (8, 'AUSENCIA', '2026-01-05T08:00:00.000Z', '2026-01-05T17:00:00.000Z', 'APROBADA', 'Inyección Manual', 4, NULL, NULL, NULL, '2026-02-04T18:09:48.112Z', '2026-02-04T18:09:48.112Z');
INSERT INTO "Ausencia" ("id", "tipo", "fechaInicio", "fechaFin", "estado", "observaciones", "empleadoId", "aprobadoPorId", "fechaResolucion", "justificanteUrl", "createdAt", "updatedAt") VALUES (9, 'VACACIONES', '2026-05-04T00:00:00.000Z', '2026-05-04T00:00:00.000Z', 'APROBADA', 'VACACIONES', 5, 1, '2026-02-05T10:20:33.422Z', NULL, '2026-02-05T09:56:28.065Z', '2026-02-05T10:20:33.424Z');
INSERT INTO "Notificacion" ("id", "usuarioId", "mensaje", "link", "leida", "createdAt") VALUES (1, 1, 'Nueva solicitud de VACACIONES: Carlos ', '/admin/dashboard', false, '2026-01-30T09:48:00.652Z');
INSERT INTO "Notificacion" ("id", "usuarioId", "mensaje", "link", "leida", "createdAt") VALUES (2, 1, 'Nueva solicitud de VACACIONES: Carlos ', '/admin/dashboard', false, '2026-01-30T10:42:14.223Z');
INSERT INTO "Notificacion" ("id", "usuarioId", "mensaje", "link", "leida", "createdAt") VALUES (3, 1, 'Nueva solicitud de VACACIONES: Juan Jose', '/admin/dashboard', false, '2026-02-02T16:32:52.298Z');
INSERT INTO "Notificacion" ("id", "usuarioId", "mensaje", "link", "leida", "createdAt") VALUES (4, 1, 'Nueva solicitud de VACACIONES: Mª DOLORES', '/admin/dashboard', false, '2026-02-04T14:18:56.925Z');
INSERT INTO "Notificacion" ("id", "usuarioId", "mensaje", "link", "leida", "createdAt") VALUES (5, 1, 'Nueva solicitud de VACACIONES: Mª DOLORES', '/admin/dashboard', false, '2026-02-04T14:19:33.303Z');
INSERT INTO "Notificacion" ("id", "usuarioId", "mensaje", "link", "leida", "createdAt") VALUES (6, 1, 'Nueva solicitud de VACACIONES: Mª DOLORES', '/admin/dashboard', false, '2026-02-04T14:20:20.736Z');
INSERT INTO "Notificacion" ("id", "usuarioId", "mensaje", "link", "leida", "createdAt") VALUES (7, 1, 'Nueva solicitud de VACACIONES: Mª DOLORES', '/admin/dashboard', false, '2026-02-04T14:20:55.301Z');
INSERT INTO "Notificacion" ("id", "usuarioId", "mensaje", "link", "leida", "createdAt") VALUES (8, 1, 'Nueva solicitud de VACACIONES: Mª DOLORES', '/admin/dashboard', false, '2026-02-05T09:56:28.077Z');
INSERT INTO "NominaMes" ("id", "empleadoId", "year", "month", "estado", "totalBruto", "totalVariables", "cerradaPorId", "fechaCierre", "createdAt", "updatedAt") VALUES (1, 1, 2026, 1, 'BORRADOR', 0, 1540, NULL, NULL, '2026-02-04T16:16:44.660Z', '2026-02-04T18:32:23.429Z');
INSERT INTO "NominaMes" ("id", "empleadoId", "year", "month", "estado", "totalBruto", "totalVariables", "cerradaPorId", "fechaCierre", "createdAt", "updatedAt") VALUES (2, 2, 2026, 1, 'BORRADOR', 0, 600, NULL, NULL, '2026-02-04T16:16:44.684Z', '2026-02-04T17:40:24.026Z');
INSERT INTO "NominaMes" ("id", "empleadoId", "year", "month", "estado", "totalBruto", "totalVariables", "cerradaPorId", "fechaCierre", "createdAt", "updatedAt") VALUES (3, 3, 2026, 1, 'BORRADOR', 0, 904.95, NULL, NULL, '2026-02-04T16:16:44.704Z', '2026-02-04T18:32:23.470Z');
INSERT INTO "NominaMes" ("id", "empleadoId", "year", "month", "estado", "totalBruto", "totalVariables", "cerradaPorId", "fechaCierre", "createdAt", "updatedAt") VALUES (4, 4, 2026, 1, 'BORRADOR', 0, 595.35, NULL, NULL, '2026-02-04T16:16:44.728Z', '2026-02-04T18:32:23.519Z');
INSERT INTO "NominaMes" ("id", "empleadoId", "year", "month", "estado", "totalBruto", "totalVariables", "cerradaPorId", "fechaCierre", "createdAt", "updatedAt") VALUES (5, 5, 2026, 1, 'BORRADOR', 0, 230, NULL, NULL, '2026-02-04T16:16:44.781Z', '2026-02-04T18:32:23.565Z');
INSERT INTO "NominaMes" ("id", "empleadoId", "year", "month", "estado", "totalBruto", "totalVariables", "cerradaPorId", "fechaCierre", "createdAt", "updatedAt") VALUES (6, 6, 2026, 1, 'BORRADOR', 0, 380, NULL, NULL, '2026-02-04T16:16:44.797Z', '2026-02-04T18:32:23.605Z');
INSERT INTO "NominaMes" ("id", "empleadoId", "year", "month", "estado", "totalBruto", "totalVariables", "cerradaPorId", "fechaCierre", "createdAt", "updatedAt") VALUES (7, 7, 2026, 1, 'BORRADOR', 0, 40, NULL, NULL, '2026-02-04T16:16:44.812Z', '2026-02-04T18:32:23.648Z');
INSERT INTO "NominaMes" ("id", "empleadoId", "year", "month", "estado", "totalBruto", "totalVariables", "cerradaPorId", "fechaCierre", "createdAt", "updatedAt") VALUES (8, 8, 2026, 1, 'BORRADOR', 0, 892.05, NULL, NULL, '2026-02-04T17:52:40.153Z', '2026-02-04T18:32:23.810Z');
INSERT INTO "NominaMes" ("id", "empleadoId", "year", "month", "estado", "totalBruto", "totalVariables", "cerradaPorId", "fechaCierre", "createdAt", "updatedAt") VALUES (9, 9, 2026, 1, 'BORRADOR', 0, 849.5999999999999, NULL, NULL, '2026-02-04T17:52:40.181Z', '2026-02-04T18:32:23.853Z');
INSERT INTO "NominaLinea" ("id", "nominaId", "conceptoCodigo", "conceptoNombre", "cantidad", "rate", "importe", "orden", "override", "notas", "updatedBy", "createdAt") VALUES (163, 2, 'DIETAS', 'Dietas', 1, 600, 600, 1, false, NULL, NULL, '2026-02-04T17:40:24.027Z');
INSERT INTO "NominaLinea" ("id", "nominaId", "conceptoCodigo", "conceptoNombre", "cantidad", "rate", "importe", "orden", "override", "notas", "updatedBy", "createdAt") VALUES (321, 1, 'PRODUCTIVIDAD_FIJA', 'Productividad Fija', 1, 660, 660, 1, false, NULL, NULL, '2026-02-04T18:32:23.432Z');
INSERT INTO "NominaLinea" ("id", "nominaId", "conceptoCodigo", "conceptoNombre", "cantidad", "rate", "importe", "orden", "override", "notas", "updatedBy", "createdAt") VALUES (322, 1, 'DIETAS', 'Dietas', 1, 880, 880, 1, false, NULL, NULL, '2026-02-04T18:32:23.432Z');
INSERT INTO "NominaLinea" ("id", "nominaId", "conceptoCodigo", "conceptoNombre", "cantidad", "rate", "importe", "orden", "override", "notas", "updatedBy", "createdAt") VALUES (323, 3, 'DIETAS', 'Dietas', 1, 375, 375, 1, false, NULL, NULL, '2026-02-04T18:32:23.472Z');
INSERT INTO "NominaLinea" ("id", "nominaId", "conceptoCodigo", "conceptoNombre", "cantidad", "rate", "importe", "orden", "override", "notas", "updatedBy", "createdAt") VALUES (324, 3, 'DISPONIBILIDAD', 'Disponibilidad', 1, 244.975, 244.975, 1, false, NULL, NULL, '2026-02-04T18:32:23.472Z');
INSERT INTO "NominaLinea" ("id", "nominaId", "conceptoCodigo", "conceptoNombre", "cantidad", "rate", "importe", "orden", "override", "notas", "updatedBy", "createdAt") VALUES (325, 3, 'PRODUCTIVIDAD', 'Productividad', 1, 244.975, 244.975, 1, false, NULL, NULL, '2026-02-04T18:32:23.472Z');
INSERT INTO "NominaLinea" ("id", "nominaId", "conceptoCodigo", "conceptoNombre", "cantidad", "rate", "importe", "orden", "override", "notas", "updatedBy", "createdAt") VALUES (326, 3, 'INCENTIVOS', 'Incentivos', 1, 40, 40, 1, false, NULL, NULL, '2026-02-04T18:32:23.472Z');
INSERT INTO "NominaLinea" ("id", "nominaId", "conceptoCodigo", "conceptoNombre", "cantidad", "rate", "importe", "orden", "override", "notas", "updatedBy", "createdAt") VALUES (327, 4, 'DIETAS', 'Dietas', 1, 375, 375, 1, false, NULL, NULL, '2026-02-04T18:32:23.521Z');
INSERT INTO "NominaLinea" ("id", "nominaId", "conceptoCodigo", "conceptoNombre", "cantidad", "rate", "importe", "orden", "override", "notas", "updatedBy", "createdAt") VALUES (328, 4, 'DISPONIBILIDAD', 'Disponibilidad', 1, 55.17500000000001, 55.17500000000001, 1, false, NULL, NULL, '2026-02-04T18:32:23.521Z');
INSERT INTO "NominaLinea" ("id", "nominaId", "conceptoCodigo", "conceptoNombre", "cantidad", "rate", "importe", "orden", "override", "notas", "updatedBy", "createdAt") VALUES (329, 4, 'PRODUCTIVIDAD', 'Productividad', 1, 5.175000000000011, 5.175000000000011, 1, false, NULL, NULL, '2026-02-04T18:32:23.521Z');
INSERT INTO "NominaLinea" ("id", "nominaId", "conceptoCodigo", "conceptoNombre", "cantidad", "rate", "importe", "orden", "override", "notas", "updatedBy", "createdAt") VALUES (330, 4, 'INCENTIVOS', 'Incentivos', 1, 160, 160, 1, false, NULL, NULL, '2026-02-04T18:32:23.521Z');
INSERT INTO "NominaLinea" ("id", "nominaId", "conceptoCodigo", "conceptoNombre", "cantidad", "rate", "importe", "orden", "override", "notas", "updatedBy", "createdAt") VALUES (331, 5, 'PRODUCTIVIDAD_FIJA', 'Productividad Fija', 1, 230, 230, 1, false, NULL, NULL, '2026-02-04T18:32:23.567Z');
INSERT INTO "NominaLinea" ("id", "nominaId", "conceptoCodigo", "conceptoNombre", "cantidad", "rate", "importe", "orden", "override", "notas", "updatedBy", "createdAt") VALUES (332, 6, 'PRODUCTIVIDAD_FIJA', 'Productividad Fija', 1, 380, 380, 1, false, NULL, NULL, '2026-02-04T18:32:23.607Z');
INSERT INTO "NominaLinea" ("id", "nominaId", "conceptoCodigo", "conceptoNombre", "cantidad", "rate", "importe", "orden", "override", "notas", "updatedBy", "createdAt") VALUES (333, 7, 'PRODUCTIVIDAD_FIJA', 'Productividad Fija', 1, 40, 40, 1, false, NULL, NULL, '2026-02-04T18:32:23.650Z');
INSERT INTO "NominaLinea" ("id", "nominaId", "conceptoCodigo", "conceptoNombre", "cantidad", "rate", "importe", "orden", "override", "notas", "updatedBy", "createdAt") VALUES (334, 8, 'DIETAS', 'Dietas', 1, 375, 375, 1, false, NULL, NULL, '2026-02-04T18:32:23.812Z');
INSERT INTO "NominaLinea" ("id", "nominaId", "conceptoCodigo", "conceptoNombre", "cantidad", "rate", "importe", "orden", "override", "notas", "updatedBy", "createdAt") VALUES (335, 8, 'DISPONIBILIDAD', 'Disponibilidad', 1, 238.525, 238.525, 1, false, NULL, NULL, '2026-02-04T18:32:23.812Z');
INSERT INTO "NominaLinea" ("id", "nominaId", "conceptoCodigo", "conceptoNombre", "cantidad", "rate", "importe", "orden", "override", "notas", "updatedBy", "createdAt") VALUES (336, 8, 'PRODUCTIVIDAD', 'Productividad', 1, 238.525, 238.525, 1, false, NULL, NULL, '2026-02-04T18:32:23.812Z');
INSERT INTO "NominaLinea" ("id", "nominaId", "conceptoCodigo", "conceptoNombre", "cantidad", "rate", "importe", "orden", "override", "notas", "updatedBy", "createdAt") VALUES (337, 8, 'INCENTIVOS', 'Incentivos', 1, 40, 40, 1, false, NULL, NULL, '2026-02-04T18:32:23.812Z');
INSERT INTO "NominaLinea" ("id", "nominaId", "conceptoCodigo", "conceptoNombre", "cantidad", "rate", "importe", "orden", "override", "notas", "updatedBy", "createdAt") VALUES (338, 9, 'DIETAS', 'Dietas', 1, 375, 375, 1, false, NULL, NULL, '2026-02-04T18:32:23.855Z');
INSERT INTO "NominaLinea" ("id", "nominaId", "conceptoCodigo", "conceptoNombre", "cantidad", "rate", "importe", "orden", "override", "notas", "updatedBy", "createdAt") VALUES (339, 9, 'DISPONIBILIDAD', 'Disponibilidad', 1, 227.3, 227.3, 1, false, NULL, NULL, '2026-02-04T18:32:23.855Z');
INSERT INTO "NominaLinea" ("id", "nominaId", "conceptoCodigo", "conceptoNombre", "cantidad", "rate", "importe", "orden", "override", "notas", "updatedBy", "createdAt") VALUES (340, 9, 'PRODUCTIVIDAD', 'Productividad', 1, 227.3, 227.3, 1, false, NULL, NULL, '2026-02-04T18:32:23.855Z');
INSERT INTO "NominaLinea" ("id", "nominaId", "conceptoCodigo", "conceptoNombre", "cantidad", "rate", "importe", "orden", "override", "notas", "updatedBy", "createdAt") VALUES (341, 9, 'INCENTIVOS', 'Incentivos', 1, 20, 20, 1, false, NULL, NULL, '2026-02-04T18:32:23.855Z');

-- Reset Sequences
SELECT setval(pg_get_serial_sequence('"Empleado"', 'id'), coalesce(max("id")+1, 1), false) FROM "Empleado";
SELECT setval(pg_get_serial_sequence('"Camion"', 'id'), coalesce(max("id")+1, 1), false) FROM "Camion";
SELECT setval(pg_get_serial_sequence('"FiestaLocal"', 'id'), coalesce(max("id")+1, 1), false) FROM "FiestaLocal";
SELECT setval(pg_get_serial_sequence('"ConceptoNomina"', 'id'), coalesce(max("id")+1, 1), false) FROM "ConceptoNomina";
SELECT setval(pg_get_serial_sequence('"ModuloFormacion"', 'id'), coalesce(max("id")+1, 1), false) FROM "ModuloFormacion";
SELECT setval(pg_get_serial_sequence('"TemaFormacion"', 'id'), coalesce(max("id")+1, 1), false) FROM "TemaFormacion";
SELECT setval(pg_get_serial_sequence('"PreguntaFormacion"', 'id'), coalesce(max("id")+1, 1), false) FROM "PreguntaFormacion";
SELECT setval(pg_get_serial_sequence('"ResultadoFormacion"', 'id'), coalesce(max("id")+1, 1), false) FROM "ResultadoFormacion";
SELECT setval(pg_get_serial_sequence('"TarifaNomina"', 'id'), coalesce(max("id")+1, 1), false) FROM "TarifaNomina";
SELECT setval(pg_get_serial_sequence('"JornadaLaboral"', 'id'), coalesce(max("id")+1, 1), false) FROM "JornadaLaboral";
SELECT setval(pg_get_serial_sequence('"CompensacionFestivo"', 'id'), coalesce(max("id")+1, 1), false) FROM "CompensacionFestivo";
SELECT setval(pg_get_serial_sequence('"UsoCamion"', 'id'), coalesce(max("id")+1, 1), false) FROM "UsoCamion";
SELECT setval(pg_get_serial_sequence('"Descarga"', 'id'), coalesce(max("id")+1, 1), false) FROM "Descarga";
SELECT setval(pg_get_serial_sequence('"Tarea"', 'id'), coalesce(max("id")+1, 1), false) FROM "Tarea";
SELECT setval(pg_get_serial_sequence('"TareaHistorial"', 'id'), coalesce(max("id")+1, 1), false) FROM "TareaHistorial";
SELECT setval(pg_get_serial_sequence('"TareaAdjunto"', 'id'), coalesce(max("id")+1, 1), false) FROM "TareaAdjunto";
SELECT setval(pg_get_serial_sequence('"MantenimientoRealizado"', 'id'), coalesce(max("id")+1, 1), false) FROM "MantenimientoRealizado";
SELECT setval(pg_get_serial_sequence('"Ausencia"', 'id'), coalesce(max("id")+1, 1), false) FROM "Ausencia";
SELECT setval(pg_get_serial_sequence('"MantenimientoProximo"', 'id'), coalesce(max("id")+1, 1), false) FROM "MantenimientoProximo";
SELECT setval(pg_get_serial_sequence('"Auditoria"', 'id'), coalesce(max("id")+1, 1), false) FROM "Auditoria";
SELECT setval(pg_get_serial_sequence('"Notificacion"', 'id'), coalesce(max("id")+1, 1), false) FROM "Notificacion";
SELECT setval(pg_get_serial_sequence('"NominaMes"', 'id'), coalesce(max("id")+1, 1), false) FROM "NominaMes";
SELECT setval(pg_get_serial_sequence('"NominaLinea"', 'id'), coalesce(max("id")+1, 1), false) FROM "NominaLinea";
SELECT setval(pg_get_serial_sequence('"ComercialLitros"', 'id'), coalesce(max("id")+1, 1), false) FROM "ComercialLitros";
SELECT setval(pg_get_serial_sequence('"EnvioGestoria"', 'id'), coalesce(max("id")+1, 1), false) FROM "EnvioGestoria";
